-- MySQL dump 10.13  Distrib 8.0.33, for Win64 (x86_64)
--
-- Host: localhost    Database: booknbook
-- ------------------------------------------------------
-- Server version	8.0.33

/*!40101 SET @OLD_CHARACTER_SET_CLIENT=@@CHARACTER_SET_CLIENT */;
/*!40101 SET @OLD_CHARACTER_SET_RESULTS=@@CHARACTER_SET_RESULTS */;
/*!40101 SET @OLD_COLLATION_CONNECTION=@@COLLATION_CONNECTION */;
/*!50503 SET NAMES utf8 */;
/*!40103 SET @OLD_TIME_ZONE=@@TIME_ZONE */;
/*!40103 SET TIME_ZONE='+00:00' */;
/*!40014 SET @OLD_UNIQUE_CHECKS=@@UNIQUE_CHECKS, UNIQUE_CHECKS=0 */;
/*!40014 SET @OLD_FOREIGN_KEY_CHECKS=@@FOREIGN_KEY_CHECKS, FOREIGN_KEY_CHECKS=0 */;
/*!40101 SET @OLD_SQL_MODE=@@SQL_MODE, SQL_MODE='NO_AUTO_VALUE_ON_ZERO' */;
/*!40111 SET @OLD_SQL_NOTES=@@SQL_NOTES, SQL_NOTES=0 */;

--
-- Table structure for table `autor`
--

DROP TABLE IF EXISTS `autor`;
/*!40101 SET @saved_cs_client     = @@character_set_client */;
/*!50503 SET character_set_client = utf8mb4 */;
CREATE TABLE `autor` (
  `id` int unsigned NOT NULL AUTO_INCREMENT,
  `pseudonimo` varchar(50) DEFAULT 'anonimo',
  `localidad` varchar(20) DEFAULT NULL,
  PRIMARY KEY (`id`)
) ENGINE=InnoDB AUTO_INCREMENT=83 DEFAULT CHARSET=utf8mb4 COLLATE=utf8mb4_0900_ai_ci;
/*!40101 SET character_set_client = @saved_cs_client */;

--
-- Dumping data for table `autor`
--

LOCK TABLES `autor` WRITE;
/*!40000 ALTER TABLE `autor` DISABLE KEYS */;
INSERT INTO `autor` VALUES (1,'Leigh Bardugo','Hollywood'),(2,'Raven Kennedy','California'),(3,'Stephen King','Bangor'),(4,'Patrick Rothfuss','Madison'),(5,'Bridget Collins','Inglaterra'),(6,'Juan Valera','Madrid'),(7,'J.R.R. Tolkien','Bloemfontein'),(8,'Angela Carter','Eastbourne'),(9,'Cory Anderson','Idaho'),(10,'Rebecca F.Kuang','Cantón'),(11,'Tessa Gratton','Okinawa'),(12,'Suzanne Collins','Hartford'),(13,'Joana Marcús','Mallorca'),(14,'Laurie Forest','Vermont'),(15,'César Mallorquí','Barcelona'),(16,'Jennifer L. Armentrout','Martinsburg'),(17,'Beca Aberdeen','Sao Paulo'),(18,'José Perez Quintero','Madrid'),(19,'Carlos Ruiz Zafon','Barcelona'),(20,'Jennifer Lynn Barnes','Tulsa'),(21,'Jorge Gomez Soto','Madrid'),(22,'Jordi Sierra I Fabra','Barcelona'),(23,'Maite Carranza','Barcelona'),(24,'Laura Pohl',NULL),(25,'Luis Leante Chacon','Murcia'),(26,'Neil Gaiman','Portchester'),(27,'Rosa Huertas','Madrid'),(28,'Laura Gallego','Valencia'),(29,'Martin Piñol','Barcelona'),(30,'Janeth G.S.','Mexico'),(31,'V.E. Schwab','California'),(32,'J.R. Barat','Valencia'),(33,'Dolores Ferrer Mari','Valencia'),(34,'Andrew Lane','Reino Unido'),(35,'Jandy Nelson','Nueva York'),(36,'Elena Martinez','Málaga'),(37,'Maria Gripe','Vaxholm'),(38,'Maria Menendez Ponte','La Coruña'),(39,'Eloy Moreno','Castellón'),(40,'Stephen Chbosky','Pittsburgh'),(41,'Patricia García Rojo','Jaén'),(42,'Care Santos','Barcelona'),(43,'Alina Not','Logroño'),(44,'Cristina Prada','Cádiz'),(45,'Ariana Godoy','Venezuela '),(46,'Cherry Chic',NULL),(47,'Inma Rubiales','Extremadura'),(48,'Alaitz Leceaga','Bilbao'),(49,'Juan Arnau','Fraga'),(50,'Albert Espinosa','Barcelona'),(51,'Berto Romero','Cardona'),(52,'Arturo Gonzalez Campos','Madrid'),(53,'Enfermera Saturada',NULL),(54,'Eve Ensler','Scarsdale'),(55,'Rose Gate','Barcelona'),(56,'Eva García Sáenz','Urturi '),(57,'Lisa Jewell','Londres'),(58,'David Lema','A Coruña'),(59,'Fernando Benzo','Madrid'),(60,'Javier Castillo','Málaga'),(61,'Cixin Liu','China'),(62,'Kim Stanley Robinson','Waukegan'),(63,'Isaac Asimov','Petróvichi'),(64,'Brandon Sanderson','Lincoln'),(65,'Richard Matheson','Allendale '),(66,'Elio Quiroga','Gran Canaria'),(67,'Jason Rekulak',NULL),(68,'Grady Hendrix','Charleston'),(69,'Malenka Ramos','Oviedo'),(70,'Mary Shelley','Londres'),(71,'Paul Tremblay','Colorado'),(72,'Francisco ibáñez','Barcelona'),(73,'José Escobar','Barcelona'),(74,'Nagamu Nanaji','Hyôgo'),(75,'Horacio Altuna','Córdoba'),(76,'Quim Bou','Vidreres'),(77,'Tim Probert','Nueva York'),(78,'Roos','Barcelona'),(79,'Olga González Pérez',NULL),(80,'Martina Marino',NULL),(81,'Elvira Sastre','Segovia'),(82,'Federico García Lorca','Granada');
/*!40000 ALTER TABLE `autor` ENABLE KEYS */;
UNLOCK TABLES;

--
-- Table structure for table `dinamica`
--

DROP TABLE IF EXISTS `dinamica`;
/*!40101 SET @saved_cs_client     = @@character_set_client */;
/*!50503 SET character_set_client = utf8mb4 */;
CREATE TABLE `dinamica` (
  `id_libro` int unsigned NOT NULL,
  `id_usuario` int unsigned NOT NULL,
  `pag_actual` int unsigned DEFAULT '0',
  `dias` int unsigned DEFAULT '0',
  PRIMARY KEY (`id_libro`,`id_usuario`),
  KEY `id_usuario` (`id_usuario`),
  CONSTRAINT `dinamica_ibfk_1` FOREIGN KEY (`id_libro`) REFERENCES `libros` (`id`),
  CONSTRAINT `dinamica_ibfk_2` FOREIGN KEY (`id_usuario`) REFERENCES `usuario` (`id`)
) ENGINE=InnoDB DEFAULT CHARSET=utf8mb4 COLLATE=utf8mb4_0900_ai_ci;
/*!40101 SET character_set_client = @saved_cs_client */;

--
-- Dumping data for table `dinamica`
--

LOCK TABLES `dinamica` WRITE;
/*!40000 ALTER TABLE `dinamica` DISABLE KEYS */;
/*!40000 ALTER TABLE `dinamica` ENABLE KEYS */;
UNLOCK TABLES;

--
-- Table structure for table `estadistica`
--

DROP TABLE IF EXISTS `estadistica`;
/*!40101 SET @saved_cs_client     = @@character_set_client */;
/*!50503 SET character_set_client = utf8mb4 */;
CREATE TABLE `estadistica` (
  `id_libro` int unsigned NOT NULL,
  `id_usuario` int unsigned NOT NULL,
  `calificacion_personal` double DEFAULT '0',
  `fecha_final` date DEFAULT NULL,
  `fecha_add` date DEFAULT NULL,
  `fecha_inicio` date DEFAULT NULL,
  PRIMARY KEY (`id_libro`,`id_usuario`),
  KEY `id_usuario` (`id_usuario`),
  CONSTRAINT `estadistica_ibfk_1` FOREIGN KEY (`id_libro`) REFERENCES `libros` (`id`),
  CONSTRAINT `estadistica_ibfk_2` FOREIGN KEY (`id_usuario`) REFERENCES `usuario` (`id`)
) ENGINE=InnoDB DEFAULT CHARSET=utf8mb4 COLLATE=utf8mb4_0900_ai_ci;
/*!40101 SET character_set_client = @saved_cs_client */;

--
-- Dumping data for table `estadistica`
--

LOCK TABLES `estadistica` WRITE;
/*!40000 ALTER TABLE `estadistica` DISABLE KEYS */;
/*!40000 ALTER TABLE `estadistica` ENABLE KEYS */;
UNLOCK TABLES;

--
-- Table structure for table `libros`
--

DROP TABLE IF EXISTS `libros`;
/*!40101 SET @saved_cs_client     = @@character_set_client */;
/*!50503 SET character_set_client = utf8mb4 */;
CREATE TABLE `libros` (
  `id` int unsigned NOT NULL AUTO_INCREMENT,
  `nombre` varchar(50) DEFAULT NULL,
  `id_autor` int unsigned NOT NULL,
  `descripcion` text,
  `fecha_publicacion` date NOT NULL,
  `calificacion_media` double DEFAULT '0',
  `pag_total` int NOT NULL,
  `tipo` varchar(20) NOT NULL,
  `tematica` varchar(20) DEFAULT NULL,
  `id_saga` int unsigned DEFAULT NULL,
  `url` varchar(2000) DEFAULT NULL,
  PRIMARY KEY (`id`),
  KEY `id_autor` (`id_autor`),
  KEY `id_saga` (`id_saga`),
  CONSTRAINT `libros_ibfk_1` FOREIGN KEY (`id_autor`) REFERENCES `autor` (`id`),
  CONSTRAINT `libros_ibfk_2` FOREIGN KEY (`id_saga`) REFERENCES `saga` (`id`)
) ENGINE=InnoDB AUTO_INCREMENT=334 DEFAULT CHARSET=utf8mb4 COLLATE=utf8mb4_0900_ai_ci;
/*!40101 SET character_set_client = @saved_cs_client */;

--
-- Dumping data for table `libros`
--

LOCK TABLES `libros` WRITE;
/*!40000 ALTER TABLE `libros` DISABLE KEYS */;
INSERT INTO `libros` VALUES (1,'Sombra y Hueso',1,'Alina Starkov no espera mucho de la vida. Se quedó huérfana después de la guerra y lo único que tiene en el mundo es a su amigo Mal. A raíz de un ataque que recibe Mal al entrar en La Sombra, una oscuridad antinatural repleta de monstruos que ha aislado el país, Alina revela un poder latente que ni ella misma sabía que tenía. Tras ese episodio, Alina es conducida a la fuerza hasta la corte real para ser entrenada como un miembro de los Grisha, un grupo de magos de élite comandado por un individuo misterioso que se hace llamar El Oscuro. ','2019-11-11',0,416,'INFANTILYJUVENIL','FANTASIA',1,NULL),(2,'Asedio y Tormenta',1,'¡LA ESPERADA CONTINUACIÓN DE SOMBRA Y HUESO!  En su intento por huir de Ravka y dejar atrás a los Grisha, Alina y Malyen se embarcan en un viaje a través del Mar Auténtico. Pero por mucho que lo deseen, hay tres cosas de las que Alina jamás podrá escapar: Su pasado. Su poder. Y su destino. Alina pronto va a tener que enfrentarse a una terrible verdad.  LA OSCURIDAD NUNCA MUERE.  Perseguida a través del Mar Auténtico, atormentada por las vidas con las que acabó en la Sombra, Alina trata de sobrevivir junto a Mal en una tierra extraña, a la vez que mantiene en secreto su identidad como Invocadora del Sol. Pero no podrá huir durante mucho tiempo ni de su pasado ni de su destino.','2019-11-11',0,448,'INFANTILYJUVENIL','FANTASIA',1,NULL),(3,'Ruina y Ascenso',1,'¡LA CONCLUSIÓN DE LA TRILOGÍA GRISHA, DE LEIGH BARDUGO, AUTORA NÚMERO 1 DEL NEW YORK TIMES!  Bajo tierra, en la red de túneles y cuevas que forman la Catedral Blanca, Alina es a la vez prisionera y objeto de adoración. Está muy débil, y la idea de embarcarse en un nuevo viaje en busca del tercer amplificador, el pájaro de fuego, parece una locura. Pero su poder ha cambiado desde la última batalla, y sus nuevas habilidades podrían aterrorizar incluso a sus propios aliados.','2019-11-11',0,448,'INFANTILYJUVENIL','FANTASIA',1,NULL),(4,'La Prisionera del Oro',2,'Primera entrega de una impresionante serie de fantasía, perfecta para las lectoras de Sarah J. Maas y Jennifer L. Armentrout.','2022-09-22',0,400,'INFANTILYJUVENIL','FANTASIA',2,NULL),(5,'Destello',2,'Segunda entrega de una impresionante serie de fantasía, perfecta para las lectoras de Sarah J. Maas y Jennifer L. Armentrout.','2023-01-19',0,500,'INFANTILYJUVENIL','FANTASIA',2,NULL),(6,'Brillo',2,'Brillo es la fascinante tercera entrega de la serie de La prisionera de oro, una historia ambientada en un mundo fantástico que mezcla romance, intriga y aventuras. Vuelve a adentrarte en el irresistible mundo mágico inspirado por la leyenda del rey Midas y déjate deslumbrar por el maravilloso universo de Orea. El mito del rey Midas reinventado. ','2023-05-04',0,684,'INFANTILYJUVENIL','FANTASIA',2,NULL),(10,'El temor de un Hombre Sabio',4,'Llega El temor de un hombre sabio, la esperada continuación de la historia de Kvothe y El nombre del viento. \"Todo hombre sabio teme tres cosas: la tormenta en el mar, la noche sin luna y la ira de un hombre amable\". ','2011-11-29',0,1200,'INFANTILYJUVENIL','FANTASIA',1,NULL),(11,'Cuento de Hadas',3,'Stephen King regresa a la fantasía por todo lo alto con una novela  magnífica sobre un inesperado héroe que deberá tomar parte en  la épica batalla entre el bien y el mal.','2022-09-22',0,856,'INFANTILYJUVENIL','FANTASIA',NULL,NULL),(12,'La musica del Silencio',4,'\"Al despertar, Auri supo que faltaban siete días. Sí, estaba segura. Él iría a visitarla al septimo día.\" La Universidad, el bastión del conocimiento, atrae a las mentes más  brillantes para aprender ciencias como la artificería y la alquimia.  Pero bajo esos edificios y sus concurridas aulas existe un mundo en penumbra. En ese laberinto de túneles antiguos, de salas y habitaciones  abandonadas, de escaleras serpenteantes y pasillos semiderruidos vive   Auri, otrora alumna de la Universidad. Ahora cuida de la Subrealidad,  de la que ha aprendido que hay misterios que no conviene remover. Ya no  se deja engañar por la lógica en la que tanto confían en lo alto: ella  sabe reconocer los sutiles peligros y los nombres  olvidados que se ocultan bajo la superficie de las cosas.  ','2014-10-28',0,152,'INFANTILYJUVENIL','FANTASIA',NULL,NULL),(13,'El nombre del Viento',4,'Atípica, profunda y sincera,El nombre del viento  es una novela de aventuras, de historias dentro de otras historias, de misterio, de amistad, de amor, de magia y de superación.','2011-11-29',0,880,'INFANTILYJUVENIL','FANTASIA',3,NULL),(14,'El Encuadernador',5,'Un relato de deseos enterrados y traiciones indescriptibles. Una historia de amor que desafía los límites. Una novela mágica e inolvidable  ','2020-01-23',0,480,'INFANTILYJUVENIL','FANTASIA',NULL,NULL),(15,'Relatos Fantásticos',6,'Los inigualables cuentos fantásticos de Juan Valera vienen marcados por el interés del autor por el Oriente mágico, las leyendas populares y el mundo pagano. Estas tres grandes pasiones se entrecruzan y configuran alucinatorios mundos de ficción poblados por los más diversos contenidos: tierras y pueblos prodigiosos, amores sobrenaturales, seres inanimados que cobran vida propia, hadas, hechiceros, duendes, diablos y demás motivos de notable acervo literario.','2015-11-03',0,184,'INFANTILYJUVENIL','FANTASIA',NULL,NULL),(16,'Cartas de Papá Noel',7,'Un precioso libro objeto con las originales cartas, manuscritas y transcritas, que J. R. R. Tolkien escribía a sus hijos haciéndose pasar por Papá Noel (¡y por el Oso Polar!) Todos los años en el mes de diciembre, los hijos de J.R.R. Tolkien recibían cartas de Papá Noel. El presente libro recoge todos los extraordinarios dibujos y cartas, desde la primera nota para su hijo mayor en 1920 hasta la última y conmovedora correspondencia con su hija en 1943, en una única y maravillosa edición.','2019-11-19',0,192,'INFANTILYJUVENIL','FANTASIA',NULL,NULL),(17,'Cuentos de Hadas',8,'Hubo un tiempo no muy lejano en que los cuentos de hadas no estaban destinados a los niños. Los relatos incluidos en este mítico volumen, recogidos por Angela Carter para la editorial Virago, donde durante años han sido uno de sus longsellers, tampoco son para niños. En ellos encontramos sangre, humor, sexo y muerte. No hay princesas ñoñas ni hadas maravillosas, sino jóvenes astutas, ancianas taimadas, chicas malas, hechiceras, parteras vengativas, mozas ladronas, novias rastreras, madres, hijas y hermanas raras. Solo una escritora tan radical como Angela Carter podría haber sido capaz de recopilar esta antología de relatos, todos protagonizados por mujeres, una celebración del universo femenino a través de los tiempos, ilustrado con los grabados originales de la edición inglesa.','2016-11-21',0,640,'INFANTILYJUVENIL','FANTASIA',NULL,NULL),(18,'La belleza del Mundo',9,'Es invierno. El cielo está oscuro. Hace un frío capaz de quebrar los huesos.  Jack y su hermano menor, Matty, viven en la extrema pobreza. No tienen nada, excepto el uno al otro. Y ahora Jack se enfrenta a una cruda elección: permitir  que se lleven a su hermano a un centro de acogida de menores o encontrar el dinero por el que su padre fue encerrado en prisión. Jack elige el dinero. Ava vive una vida de silencio y aislamiento. Durante diecisiete años, su padre, un hombre despiadado, ha controlado su destino y le ha enseñado a no amar a nadie. Ahora él se encuentra tras el rastro del mismo dinero que Jack. Cuando los destinos de Jack y Ava se  cruzan, ella habrá de tomar su propia decisión: permanecer en silencio o ayudar a que los hermanos sobrevivan. Elecciones. Siempre tienen sus consecuencias.','2021-05-14',0,384,'INFANTILYJUVENIL','FANTASIA',NULL,NULL),(19,'The Poppy War',10,'La Segunda Guerra de las Amapolas ha dejado Nikan desolada. Rin, huérfana de guerra, vive con los Fang que la fuerzan a trabajar en el negocio familiar. Su único posible futuro es un matrimonio concertado con algún vejestorio. Pero Rin no piensa aceptarlo. El Keju es su gran oportunidad, un examen nacional que le permitirá ingresar en la más prestigiosa academia militar de Nikan, en Sinegard. Donde podrá aprender y entrenar capacidades físicas y espirituales. Pues, aunque la guerra terminó hace solo unos años, la Federación de Mugen aún acecha al otro lado del mar y su sed de sangre no hace más que crecer.','2020-11-30',0,600,'INFANTILYJUVENIL','FANTASIA',NULL,NULL),(20,'Lady Hotspur',11,'Este parece ser el lema de las Damas de Armas, las mujeres guerreras que han jurado lealtad a un reino inestable y han prometido defender a la sucesora a la corona, Banna Mora.Pero cuando una temible rebelión derroca al rey, Mora se enfrenta a una decisión imposible: renunciar a todo aquello que ha aprendido a amar y permitir que la asesina del rey reciba una recompensa por sus acciones, o reclamar el poder y levantarse en armas contra la nueva heredera, Hal Bolinbroke, su mejor amiga desde la infancia y líder de las Damas de Armas.','2021-05-04',0,736,'INFANTILYJUVENIL','FANTASIA',NULL,NULL),(21,'Seis de Cuervos',1,'Ketterdam: Un desbordante foco de comercio internacional donde todo se puede conseguir por el precio adecuado, como bien sabe el prodigio criminal Kaz Brekker. A Kaz le acaban de ofrecer la oportunidad de llevar a cabo un gran robo, un arriesgado golpe que podría hacerle más rico de lo que jamás se ha atrevido a imaginar en sus sueños más salvajes. Pero no podrá llevarlo a cabo por sí solo: tendrá que reclutar a un peculiar equipo formado por un convicto, una espía, un pistolero, una Grisha, un ladrón y un fugitivo.Aunque ellos no lo saben, llegado el momento los miembros del grupo de Kaz serán los únicos capaces de salvar el mundo de la aniquilación total. Bueno, lo serán si no se matan entre ellos primero.','2021-04-26',0,548,'INFANTILYJUVENIL','FANTASIA',4,NULL),(22,'Reino de Ladrones',1,'Kaz Brekker y su equipo han dado un golpe tan temerario que ni siquiera ellos pensaban sobrevivir. Pero en lugar de conseguir una buena recompensa, a su regreso de la Corte de Hielo tienen que seguir luchando por sus vidas. Traicionado y debilitado, el equipo está corto de recursos, aliados y esperanza. Mientras poderosas fuerzas de todo el mundo llegan a Ketterdam para desentrañar el secreto de la peligrosa droga conocida como jurda parem, viejos rivales y nuevos enemigos emergen para desafiar el ingenio de Kaz y poner a prueba las frágiles lealtades del equipo. Una guerra se adueñará de las oscuras y tortuosas calles de la ciudad, una batalla por la venganza y la redención ','2021-04-26',0,656,'INFANTILYJUVENIL','FANTASIA',4,NULL),(23,'El Rey Marcado',1,'Nikolai Lantsov siempre ha tenido un don para conseguir lo imposible. Nadie sabe lo que tuvo que soportar durante la sangrienta guerra civil de su país, y él pretende que siga siendo así. Ahora, con sus enemigos agolpados al otro lado de sus debilitadas fronteras, Nikolai deberá dar con la manera de surtir las arcas de Ravka, forjar nuevas alianzas y frenar la amenaza que se cierne sobre el ejército Grisha. Sin embargo, la magia oscura que corre por sus venas se fortalece día a día y amenaza con destruir todo lo que ha logrado. Con la ayuda de un joven monje y una legendaria general Grisha, Nikolai viajará a los lugares de Ravka donde sobrevive una magia primigenia para dar con la manera de acabar con el terrible legado que habita en su interior. Pero algunos secretos no pueden permanecer ocultos mucho tiempo, y algunas heridas jamás se podrán curar.','2021-12-07',0,576,'INFANTILYJUVENIL','FANTASIA',5,NULL),(24,'Ley de Lobos',1,'Los lobos de acercan y un joven rey deberá enfrentarse a su mayor reto en el explosivo final de la bilogía superventas número 1 del New York Times: El rey marcado. El rey demonio. A la par que el inmenso ejército de Fjerda se prepara para la invasión, Nikolai Lantsov deberá hacer uso de todo su ingenio y su encanto (y quizá del monstruo que habita en su interior) para ganar esta batalla. Pero puede que ni el don del rey para conseguir lo imposible sea rival para la oscura amenaza que se aproxima. ','2021-12-07',0,640,'INFANTILYJUVENIL','FANTASIA',5,NULL),(25,'El Lenguaje de las Espinas',1,'Viaja a un mundo de oscuras joyas bañadas por la luz de la luna, de pueblos encantados y bosques hambrientos, de bestias parlantes y golems de pan de jengibre; un lugar donde las voces de unas jóvenes sirenas pueden provocar amenazantes tormentas y donde un río podría hacerle una suculenta oferta a un chico enamorado a cambio de un terrible precio. Perfecto para nuevos lectores y fans incondicionales, las historias de El lenguaje de las espinas te transportarán a tierras conocidas y extrañas al mismo tiempo, a un mundo de magia peligrosa que millones de lectores ya han visitado gracias a las novelas del Grishaverse. Esta colección de seis historias incluye tres relatos completamente nuevos, cada uno de ellos cargado de impresionantes ilustraciones tan ricas en detalles como las propias historias.','2018-10-15',0,304,'INFANTILYJUVENIL','FANTASIA',NULL,NULL),(26,'La Traición de Montverre',5,'Bridget Collins','2022-01-11',0,432,'INFANTILYJUVENIL','FANTASIA',NULL,NULL),(27,'La Comunidad del Anillo',7,'«Este libro es como un relámpago en un cielo claro. Decir que la novela heroica, espléndida, elocuente y desinhibida, ha retornado de pronto en una época de un antirromanticismo casi patológico, sería inadecuado. Para quienes vivimos en esa extraña época, el retorno ?y el alivio que nos trae? es sin duda lo más importante. Pero para la historia misma de la novela ?una historia que se remonta a la Odisea y a antes de la Odisea? no es un retorno, sino un paso adelante o una revolución: la conquista de un territorio nuevo.» ?C.S. Lewis, Time & Tide, 1954','2022-05-25',0,488,'INFANTILYJUVENIL','FANTASIA',6,NULL),(28,'Las dos Torres',7,'«Ningún escritor del género ha aprovechado tanto como Tolkien las propiedades características de la Misión, el viaje heróico, el Objeto Numinoso, satisfaciendo nuestro sentido de la realidad histórica y social? Tolkien ha triunfado donde fracasó Milton.» ?W.H. Auden','2022-05-25',0,408,'INFANTILYJUVENIL','FANTASIA',6,NULL),(29,'El Retorno del rey',7,'Tercera entrega de la saga épica más famosa del mundo.','2022-05-25',0,520,'INFANTILYJUVENIL','FANTASIA',6,NULL),(30,'El Hobbit',7,'Un libro excelente para introducirse en el mundo de la fantasía. Smaug parecía profundamente dormido cuando espió una vez más la entrada. ¡Pero fingía estar dormido! ¡Estaba vigilando la entrada del túnel! ','2022-03-16',0,288,'INFANTILYJUVENIL','FANTASIA',NULL,NULL),(31,'La Juguetería Mágica',8,'Una noche, Melanie camina por el jardín con el vestido de boda de su madre y, a la mañana siguiente, todo su mundo se ha hecho añicos. Así de simple, así de inconcebible. Melanie y sus dos hermanos pequeños se verán obligados a mudarse a Londres, a casa del tío Philip, un huraño y genial artesano juguetero que vive con su esposa Margaret una mujer «frágil como una flor prensada», muda desde el día de su boda y los dos extravagantes hermanos de esta. Tras una infancia idílica en la casa familiar, Melanie se ve ahora confinada en un entorno opresivo y delirante, lleno de artilugios y mecanismos creados por su tío, un ser inquietante acostumbrado a tratar a las personas como si fueran otros de sus títeres.','2022-06-20',0,224,'INFANTILYJUVENIL','FANTASIA',NULL,NULL),(32,'Blood Magic',11,'Para Silla y Nick, el cementerio es el centro de todo. Allí se conocieron y allí han visto nacer la magia más poderosa de todas cuantas puedan existir: la que se realiza con hechizos de sangre. Recurriendo a ella, todo se vuelve posible: desde regenerar una simple hoja muerta# hasta vivir para siempre. Con la ayuda de un libro de magia que ha llegado a sus manos de forma misteriosa, Nick y Silla irán adentrándose en un mundo oscuro y fascinante que les revelará algunas de las piezas que conforman el puzle de sus vidas y su pasado.','2011-11-03',0,480,'INFANTILYJUVENIL','FANTASIA',7,NULL),(33,'El Secreto de los Cuervos',11,'Para Mab Prowd, la práctica de la magia de sangre es tan natural como respirar, algo que ha visto siempre. Ha crecido en una granja aislada de Kansas, con la única compañía de otros practicantes, y jamás ha podido tener amigos de su edad. A cambio, ha desarrollado un gran sentido de la responsabilidad hacia todo lo mágico y natural: haría lo que fuera por preservar la magia de sangre y salvaguardar sus secretos. Además, vivir en medio de la nada le permite poder practicar sin preocupaciones, al aire libre, observada solamente por los cuervos.','2012-07-05',0,464,'INFANTILYJUVENIL','FANTASIA',7,NULL),(34,'La Sonrisa del Demonio',11,'En el gran palacio de la emperatriz vive una niña huérfana llamada Nada. Se desliza entre las sombras de la Corte sin ser vista por nadie, excepto por el Gran Demonio del palacio y por su verdadero amigo, el príncipe Kirin, heredero al trono. Cuando Kirin es secuestrado, tan solo Nada y el guardaespaldas del príncipe sospechan que podría haber sido raptado por la Hechicera que devora Doncellas, una mujer poderosa que ha acosado a la región durante décadas. La Hechicera nunca se ha molestado en raptar a niños antes, pero Nada ha dejado al descubierto muchos secretos en los dieciséis años que ha vivido en palacio, incluyendo algunos sobre el príncipe.','2022-06-21',0,416,'INFANTILYJUVENIL','FANTASIA',NULL,NULL),(35,'Sinsajo',12,'Katniss Everdeen ha sobrevivido dos veces a los Juegos del Hambre, pero no está a salvo. La revolución se extiende y, al parecer, todos han tenido algo que ver en el meticuloso plan, todos excepto Katniss.','2012-03-15',0,432,'INFANTILYJUVENIL','CIENCIAFICCION',8,NULL),(36,'Los Juegos del Hambre',12,'En una oscura versión del futuro próximo, doce chicos y doce chicas se ven obligados a participar en un reality show llamado Los Juegos del Hambre. Solo hay una regla: matar o morir. Cuando Katniss Everdeen, una joven de dieciséis años se presenta voluntaria para ocupar el lugar de su hermana en los juegos, lo entiende como una condena a muerte. Sin embargo, Katniss ya ha visto la muerte de cerca y la supervivencia forma parte de su naturaleza.','2012-03-15',0,400,'INFANTILYJUVENIL','CIENCIAFICCION',8,NULL),(37,'En llamas',12,'Katniss Everdeen ha sobrevivido a Los juegos del hambre. Pero el Capitolio quiere venganza.Contra todo pronóstico, Katniss Everdeen y Peeta Mellark siguen vivos. Aunque Katniss debería sentirse aliviada, se rumorea que existe una rebelión contra el Capitolio, una rebelión que puede que Katniss y Peeta hayan ayudado a inspirar. La nación les observa y hay mucho en juego. Un movimiento en falso y las consecuencias serán inimaginables. ','2012-03-15',0,416,'INFANTILYJUVENIL','CIENCIAFICCION',8,NULL),(38,'Balada de pájaros cantores y serpientes',12,'Es la mañana de la cosecha que dará comienzo a los décimos Juegos del Hambre. En el Capitolio, Coriolanus Snow, de dieciocho años, se prepara para una oportunidad única: alcanzar la gloria como mentor de los Juegos. La casa de los Snow, antes tan influyente, atraviesa tiempos difíciles, y su destino depende de que Coriolanus consiga superar a sus compañeros en ingenio, estrategia y encanto como mentor del tributo que le sea adjudicado. Todo está en su contra...','2002-03-24',0,592,'INFANTILYJUVENIL','CIENCIAFICCION',8,NULL),(39,'Ciudades de humo',13,'Alice nunca ha salido al mundo. Su cena es a las nueve en punto, su sueño dura exactamente ocho horas, jamás tiene una sola arruga en la ropa, parpadea 86400 veces al día, respira 30000 veces al día, solo habla cuando le preguntan, jamás ha levantado la voz y, lo más importante, jamás se ha preguntado qué pasaría si todo cambiara. Pero, ¿y si eso ocurriera?  ','2022-02-16',0,496,'INFANTILYJUVENIL','CIENCIAFICCION',9,NULL),(40,'Ciudades de cenizas',13,'Una ciudad nueva. Un experimento. Un reencuentro. Un asesinato. Un romance.Tras haber asistido a la destrucción de su propia ciudad, el futuro de Alice no es nada prometedor. Tras la extraña oferta de un desconocido, lo único que sabe es que va a vengarse del responsable de la desaparición de sus amigos.  ','2022-05-11',0,424,'INFANTILYJUVENIL','CIENCIAFICCION',9,NULL),(41,'Ciudades de fuego',13,'Traición. Alianza. Amor. Amistad. Dolor. Y muerte. Al fin, Alice ha vuelto a reencontrarse con sus amigos. Sin embargo, la lucha no ha hecho más que empezar, y el peligro acecha más que nunca. En un mundo donde todo está a punto de desmoronarse, Alice sabe que las decisiones que tome serán cruciales para el destino de todos. Cuando parece que te lo han arrebatado todo, ¿hasta dónde serías capaz de llegar por los tuyos?  ','2022-06-29',0,608,'INFANTILYJUVENIL','CIENCIAFICCION',9,NULL),(42,'La bruja negra',14,'Carnissa Gardner, la última Bruja Negra, rechazó a las fuerzas enemigas y salvó a su pueblo durante la Guerra del Reino. Fue una de las más grandes magas gardnerianas. Ahora, un nuevo mal se alza en el horizonte, y su nieta, Elloren, está señalada como su heredera. Pero, aunque Elloren es la viva imagen de su famosa abuela, no goza de los mismos poderes, y eso no es nada bueno en una sociedad que premia las habilidades mágicas por encima de las demás.','2021-10-07',0,608,'INFANTILYJUVENIL','CIENCIAFICCION',10,NULL),(43,'La varita negra',14,'Elloren Gardner esconde el más poderoso secreto de toda Erthia: ella es la Bruja Negra de la Profecía, y está destinada a triunfar o bien a ser utilizada como la última arma de destrucción. Separada de todos aquellos a los que ama, deberá recurrir a la última persona en la que puede confiar: su compañero Lukas Gray. Con las fuerzas de Gardneria preparadas para conquistar Erthia, Elloren no tendrá más remedio que aliarse con Lukas para protegerse de las garras del líder gardneriano. Con solo unas pocas semanas para entrenarse y convertirse en guerrera, y sin control sobre su propia magia, Elloren encontrará aliados inesperados entre aquellos que aparentemente están destinados a matarla. Ha llegado el momento de dar un paso al frente, de defenderse y de seguir adelante antes de que la destrucción sea todavía mayor.','2023-04-13',0,640,'INFANTILYJUVENIL','CIENCIAFICCION',10,NULL),(44,'La marea negra',14,'Ahora que todo el mundo sabe que ella es la Bruja Negra de la profecía, Elloren Gardner ha huido sin saber si en su camino hallará amigos o enemigos. Ahora que su pareja, Lukas Grey, puede estar muerto o en manos del Gran Mago Marcus Vogel, Elloren sabe que la única forma de darle la vuelta a la guerra que se avecina es encontrar aliados dispuestos a escucharla en lugar de asesinarla a sangre fría. En el Reino de Oriente, la fae de agua Tierney Calix y Trystan, el hermano de Elloren, se han unido al wyvernguard, y se están preparando para el ataque de Vogel. Pero Trystan lucha en dos frentes distintos, pues es el miembro de la guardia más odiado y del que todos desconfían. Y el vínculo de Tierney con el río más poderoso de Erthia ha desvelado un peligro más aterrador que la inminente guerra. ','2023-04-13',0,600,'INFANTILYJUVENIL','CIENCIAFICCION',10,NULL),(45,'La flor de hierro',14,'Mientras la Resistencia lucha para contraatacar las duras decisiones del Consejo de Magos, más y más soldados gardnerianos aparecen en la Universidad, ahora dirigida por Lukas Gray, comandante de una base militar cercana. Aunque Elloren intenta mantenerlo a distancia, Lukas está decidido a unirse a ella, aún convencido de que ella es la heredera del poder de la Bruja Negra, un legado de magia que decidirá el futuro de todos los Erthia. Cuando su propia magia la llama, tratando de despertar una fuerza oscura en su interior, a Elloren le resulta cada vez más difícil creer en su valía.','2021-10-07',0,608,'INFANTILYJUVENIL','CIENCIAFICCION',10,NULL),(50,'La estrategia del parásito',15,'Se oculta; no lo ves, pero siempre está ahí, observándote, vigilándote, espiando todo lo que haces y dices. Se alimenta de ti, depende de ti; por eso se esconde y te usa. Los parásitos se nutren de otros organismos sin llegar a matarlos. Existen muchos tipos, pero hay uno del que nunca has oído hablar, una clase de parásito que ni en la más terrible de las pesadillas podrías imaginarte. Es inteligente, es despiadado y posee un poder aterrador... La estrategia del parásito es un apasionante tecno-thriller donde nada resulta ser lo que parece y donde unos pocos han de enfrentarse a una amenaza aterradoramente letal. Y también es, en definitiva, una historia de amor. Una historia de amor en el infierno. Las crónicas del parásito, una vertiginosa trilogía de intriga y misterio, incluye los títulos: La estrategia del parásito, Manual de instrucciones para el fin del mundo y La hora zulú.','2019-03-30',0,144,'INFANTILYJUVENIL','CIENCIAFICCION',11,NULL),(51,'Manual de Instrucciones Fin del Mundo',15,'Un apasionante tecno-thriller y una historia de amor... en el infierno. Lo llaman «Miyazaki» y es un parásito. Te vigila desde cualquier ordenador, cámara o móvil conectado a la red. Te controla. Y tiene un plan para destruir el mundo. Sabes de lo que estoy hablando, ¿verdad? Pues presta atención: todavía queda una esperanza. La Resistencia se está preparando para contraatacar. Somos pocos, pero no vamos a rendirnos sin luchar. Únete a los Wizards... ','2019-03-07',0,200,'INFANTILYJUVENIL','CIENCIAFICCION',11,NULL),(52,'La Hora Zulú',15,'Un apasionante tecno-thriller y una historia de amor... en el infierno. Miyazaki es mucho más que un parásito, mucho más que el ser más poderoso del planeta. Es un asesino en serie que se ha apoderado de internet. Y quiere matarnos a todos.La operación Mago de Oz sigue su curso, pero los Wizards están en peligro. Ya queda muy poco para la batalla final. Y, sea cual sea su desenlace, marcará el futuro de la humanidad… Mientras Óscar y Ekaterina llegan a California con la intención de rescatar a Judit, Dolores Smith rastrea unos fondos que desvía la empresa Tesseract Systems, y Black-Cat y Tanaka ponen en marcha la operación Mago de Oz para destruir a Miyazaki, el monstruo que te controla desde cualquier ordenador, cámara o móvil conectado a la red. Sin embargo, cuando alguien empieza a asesinar a los mejores hackers del mundo, los Wizards tendrán que ir un paso por delante, porque…Miyazaki te vigila. Internet es Miyazaki. Las crónicas del parásito, una vertiginosa trilogía de intriga y misterio, incluye los títulos La estrategia del parásito, Manual de instrucciones para el fin del mundo y La hora zulú. ','2019-08-22',0,224,'INFANTILYJUVENIL','CIENCIAFICCION',11,NULL),(53,'El suspiro del infierno',16,'Toda elección tiene sus consecuencias, y Layla tiene que hacer frente a elecciones especialmente complicadas. Luz u oscuridad. Roth, el diabólicamente sexy príncipe de los demonios, o Zayne, el atractivo Guardián que nunca creyó que podría ser suyo. Sin embargo, la elección más complicada que debe tomar Layla es en qué parte de sí misma debe confiar.','2017-10-16',0,408,'INFANTILYJUVENIL','CIENCIAFICCION',12,NULL),(54,'La caricia del infierno',16,'Layla Shaw intenta arreglar su vida hecha añicos, tarea complicada para una adolescente convencida de que las cosas ya no pueden empeorar más. Zayne, su atractivo mejor amigo, está fuera de su alcance debido a su misterioso poder para robar el alma cuando besa a alguien. Los Guardianes, que siempre la han protegido, de repente ocultan peligrosos secretos. Y no se puede permitir pensar en Roth, el sexy príncipe demonio que la entendía como nadie lo había hecho antes. Pero a veces tocar fondo es solo el comienzo. De repente, los poderes de Layla empiezan a desarrollarse y por fin recibe la tentadora oportunidad de experimentar lo que hasta ahora se le había prohibido. Entonces, cuando menos se lo espera, Roth regresa, y trae consigo noticias que podrían cambiar su mundo irremediablemente. Por fin consigue lo que siempre ha deseado, pero con el infierno desatándose literalmente sobre la Tierra y el aumento de los asesinatos, el precio podría ser más alto de lo que Layla está dispuesta a pagar.','2017-04-03',0,421,'INFANTILYJUVENIL','CIENCIAFICCION',12,NULL),(55,'El beso del infierno',16,'Layla, de diecisiete años, solo quiere ser normal. Pero con un beso que mata a cualquiera que tenga alma, ella es cualquier cosa menos normal. Mitad demonio, mitad gárgola, Layla tiene habilidades que nadie más posee. Criada entre los Guardianes –una raza de gárgolas que tiene la misión de cazar demonios y mantener a la humanidad a salvo–, Layla intenta encontrar su lugar, pero eso significa esconder su lado oscuro de aquellos que más ama. Especialmente del atractivo Zayne, un Guardián de quien ha estado enamorada desde siempre. Cuando menos se lo espera, Layla conoce a Roth, un demonio sexy y tatuado que dice saber todos sus secretos. Layla es consciente de que debería permanecer lejos de ese chico, pero hay algo que se lo impide… especialmente cuando se percata de que con él sus besos no son mortales, ya que Roth no tiene alma. Pero en el momento en que Layla descubre que ella es la razón del violento levantamiento demoniaco, confiar en Roth no solo puede arruinar su oportunidad con Zayne… Podría convertirla en una traidora para su familia. Peor aún, podría llevarla a un viaje sin retorno al fin del mundo.','2016-09-14',0,460,'INFANTILYJUVENIL','CIENCIAFICCION',12,NULL),(56,'Troyano',17,'Por suerte, los únicos progresistas que conocen la existencia de la isla donde se esconden los naturalistas, Sagalia, son sus prisioneros. ¿Pero con cuánto tiempo cuentan antes de que los progresistas rastreen a los suyos y encuentren Sagalia? Ash, acostumbrada a que la confundan con una espía, decide convertirse en una y adentrarse en la sede progresista para insertar su último troyano en el sistema de seguridad que controla al enemigo. Sin embargo, no podrá hacerlo sola, ya que no sabe nada de las costumbres enemigas. Driamma la acompañará en esta arriesgada misión para ganar la guerra.','2020-04-21',0,384,'INFANTILYJUVENIL','CIENCIAFICCION',13,NULL),(57,'Secbra',17,'Ash ha vivido toda su vida rodeada de ordenadores en el espacio, y a sus dieciséis años es capaz de arreglar cualquier máquina y hasta de inventar sus propios programas. Cuando la invitan a formar parte de la academia de informáticos situada en la maravillosa Noé, acepta seducida por la idea de vivir en un lugar parecido a la Tierra, el cual nunca ha conocido. ¿Cómo sobrevivirá un bicho raro como ella en un grupo de adolescentes? ¿Cómo hará amigos cuando nunca antes había estado entre jóvenes? ¿Cómo resistirá al encanto de un chico que no le conviene? Como si todo eso fuera poco, el enemigo los está buscando...','2022-07-16',0,267,'INFANTILYJUVENIL','CIENCIAFICCION',13,NULL),(58,'Morfeo',17,'Tras la destrucción del planeta que los abastecía de agua, la ciudad espacial de Noe tiene las horas contadas. Ash tendrá que enfrentarse a la complicada decisión de elegir cuál de sus compañeros la acompañará en un viaje casi suicida. Para sobrevivir deberán colarse en la Tierra sin que el enemigo los descubra, con la única ayuda de un misterioso grupo de supervivientes que aseguran ser sus aliados. Ash está a punto de emprender el viaje más importante de su vida. Un viaje en el que se descubrirá a sí misma, descubrirá el planeta azul que no recuerda y también sus arriesgados peligros.','2018-06-11',0,336,'INFANTILYJUVENIL','CIENCIAFICCION',13,NULL),(62,'El huérfano y el Cerrajero',18,'¡Descubre el primer libro de la saga \"Crónicas de los Cerrajeros\"!Jonás solo guarda un recuerdo de su padre, su madre o quien fuese que le abandonó recién nacido: una pequeña llave, la única pista que dejaron junto a su cuerpo indefenso. Durante toda su vida ha buscado sin éxito la cerradura que abre esa pequeña llave, desde la época del orfanato hasta cuando fue adoptado por el señor y la señora Grama. Pero todo cambiará cuando conozca a un extraño vagabundo, quien le revelará un gran secreto: esa pequeña llave abre la puerta a un poder inimaginable, capaz de borrar de la faz de la existencia todo lo que se desee. Una puerta que tan solo él puede abrir y que no se encuentra en la Tierra. En esa Tierra.','2018-12-21',0,127,'INFANTILYJUVENIL','CIENCIAFICCION',14,NULL),(63,'La Última Puerta',18,'¡Llega el final de la trilogía! Prepárate para el último libro de la saga El Vagamundos. Jonás se despierta de nuevo en la cama de su cuarto, en su hogar, a salvo junto a su madre Aisha y su padre Tobías. Todo vuelve a la normalidad... ¿o no es así?El viaje a través de universos paralelos llega a su fin. ¿Descubrirá Jonás cuál es ese terrible poder que se esconde tras la última puerta, esa que tan solo él puede abrir con su llave? ¿Averiguará por fin quién es y de dónde proviene?Prepárate para el final de un viaje alucinante.','2018-12-21',0,143,'INFANTILYJUVENIL','CIENCIAFICCION',14,NULL),(64,'Los Mundos Infinitos',18,'¡Continúa la aventura de el Vagamundos!Jonás y el Cerrajero, junto a la ladrona Aisha, inician su viaje a través de la Ruta, en busca de esa última Puerta que esconde un terrible poder, capaz de borrar de la existencia todo lo que se desee. Un viaje repleto de peligros y aventuras a través de realidades increíbles, donde Jonás encontrará respuestas a su verdadero origen. Disfruta de la segunda parte de El Vagamundos: Los Mundos Infinitos.','2018-12-21',0,149,'INFANTILYJUVENIL','CIENCIAFICCION',14,NULL),(65,'Las Luces de Septiembre',19,'Un verano que dejó una huella de aventura y emociones. Un enigma en torno a las extrañas luces que brillan entre la niebla que rodea el islote del faro. Una criatura de pesadilla que se oculta en la profundidad del bosque. Estos y otros elementos tejen la trama del misterio que unirá a Irene e Ismael para siempre durante un mágico verano en Bahía Azul. ','2008-06-05',0,320,'INFANTILYJUVENIL','TERROR',15,NULL),(66,'El Palacio de la Media Noche ',19,'Calcuta, 1932: el corazón de las tinieblas. Un tren en llamas atraviesa la ciudad. Un espectro de fuego siembra el terror en las sombras de la noche. Pero eso no es más que el principio. En la víspera de cumplir dieciséis años, Ben, Sheere y sus amigos de la Chowbar Society deberán enfrentarse al más terrible enigma de la historia de la ciudad de los palacios. ','2016-10-25',0,288,'INFANTILYJUVENIL','TERROR',15,NULL),(67,'El Principe de la Niebla',19,'El nuevo hogar de los Carver, que se han mudado a la costa huyendo de la ciudad y de la guerra, está rodeado de misterio. Todavía se respira el espíritu de Jacob, el hijo de los antiguos propietarios, que murió ahogado. Las extrañas circunstancias de esa muerte sólo se empiezan a aclarar con la aparición de un diabólico personaje: el Príncipe de la Niebla, capaz de conceder cualquier deseo a una persona; eso sí, a un alto precio. ','2007-05-16',0,240,'INFANTILYJUVENIL','TERROR',15,NULL),(71,'El legado Hawthorne',20,'En la emocionante secuela del best seller globalUna herencia en juego. La riqueza, las intrigas y los romances son claves para  intentar resolver los múltiples enigmas. Perfecto para fans de Karen McManus.','2022-09-08',0,432,'INFANTILYJUVENIL','TERROR',16,NULL),(72,'Una Herencia en Juego',20,'Unthrillermuy adictivo repleto de giros inesperados, oscuros secretos familiares y apuestas letales.','2022-03-17',0,448,'INFANTILYJUVENIL','TERROR',16,NULL),(73,'La Jugada Final',20,'En la explosiva conclusión del best seller global Una herencia en  juego, la riqueza, las intrigas y los romances son claves para intentar  resolver los múltiples enigmas. Perfecto para fans de Karen McManus.','2023-02-23',0,464,'INFANTILYJUVENIL','TERROR',16,NULL),(74,'¿Estas ahi?',21,'Él está ahí, aunque no puede ser. Sigue vivo, aun estando muerto. El padre de Lara ha muerto y ella se siente muy sola. Él siempre lo fue todo para ella, la acompañaba, la protegía, estaba siempre ahí. De hecho sigue ahí, incluso después de muerto.','2020-03-06',0,208,'INFANTILYJUVENIL','TERROR',NULL,NULL),(75,'Sin Tiempo para Soñar',22,'¿Qué se esconde detrás de una noticia cualquiera de un periódico? Es lo que tratan de averiguar Julia y Gil, dos estudiantes de periodismo en un trabajo a simple vista rutinario. La noticia es la del asesinato de Marta, una adolescente cargada de antecedentes penales. Pero la investigación les llevará a descubrir mucho más: su vida, sus sueños... ¿Por qué murió Marta? ¿Cuál es la verdad? ¿Quién la asesinó? Esta novela es el retrato generacional de una adolescencia marcada que lucha por salir de la desesperanza.','2021-11-11',0,240,'INFANTILYJUVENIL','TERROR',NULL,NULL),(76,'Mas alla de la Broma',23,'Un apasionante thriller juvenil en el que nadie es como aparenta... La ambiciosa Lara, su novio Miguel y Raúl, su mejor amigo, son los reyes del instituto. Aunque no todo es como parece, y nadie lo sabe mejor que Paula, la antigua mejor amiga de Lara. O Malena, la chica a la que le han estado haciendo la vida imposible. O Alejo, que ha entrado nuevo este curso. ','2023-06-15',0,176,'INFANTILYJUVENIL','TERROR',NULL,NULL),(77,'Las Chicas de Grimrose',24,'En la Academia Grimrose para Estudiantes de Élite solo se habla de la misteriosa muerte de Ariane Van Amstel. Y la comidilla en los pasillos son sus mejores amigas: Ella, Yuki y Rory.  Ellas se niegan a creer que Ariane se haya quitado la vida. No piensan parar hasta descubrir la verdad y que se haga justicia. Mientras investigan los últimos pasos de su amiga, oscuros secretos salen a la luz...  ARIANE NO ES LA PRIMERA CHICA MUERTA. CADA MUERTE CORRESPONDE A UN CUENTO DE HADAS. Y ELLAS SERÁN LAS SIGUIENTES...  ¿Podrán vencer a su destino?','2023-02-06',0,384,'INFANTILYJUVENIL','TERROR',17,NULL),(78,'Territorio Desconocido',25,'Cuatro años atrás, un incendio destruyó el almacén de Alberto Soler en Hondares. En la caja fuerte se encontraron unos huesos humanos. La agente Padilla, se vio implicada personalmente en el caso, y no solo por su amistad con el sospechoso, sino también porque su hijo Diego iba a clase con Alicia, la hija de Alberto. Todo lo que sucedió durante ese curso en el instituto prendió la mecha que haría saltar unas cuantas vidas por los aires.','2023-03-08',0,244,'INFANTILYJUVENIL','TERROR',NULL,NULL),(79,'Caroline',26,'Acompaña a Coraline y déjate transportar al mundo de fantasía y  terror creado por el premiado autor Neil Gaiman. Al día siguiente de mudarse de casa, Coraline explora las catorce  puertas de su nuevo hogar. Trece se pueden abrir con normalidad, pero la  decimocuarta está cerrada y tapiada. Cuando por fin consigue abrirla,  Coraline se encuentra con un pasadizo secreto que la conduce a otra casa tan parecida a la suya que resulta escalofriante.','2009-06-01',0,160,'INFANTILYJUVENIL','TERROR',NULL,NULL),(80,'El Paraiso estuvo Aqui',27,'La abuela de Sara se empeña en llevarse a sus nietos de vacaciones a un pueblo de la costa, en el mar Menor. Al principio, Sara reniega de una playa en la que no es agradable bañarse, hasta que aparece Tina, una chica de su edad muy extraña, y todo empieza a cambiar de manera misteriosa. Descubrirá la otra cara de este lugar, el paraíso que fue, y los secretos que esconde.','2023-03-10',0,190,'INFANTILYJUVENIL','TERROR',NULL,NULL),(81,'Cuando me veas',28,'Alguien se oculta muy cerca de ti ¿Quién o qué es? ¿Qué intenciones tiene? ¿Una amenaza desconocida o una luz en la oscuridad? ¿Tiene algo que ver con el caso del“chico de la azotea”? Extraños sucesos inexplicables. Un secreto. Una muerte repentina. Una investigación. ¡Descubre qué hay detrás! ','2017-02-28',0,384,'INFANTILYJUVENIL','TERROR',NULL,NULL),(82,'La Mision de Rox',28,'En esta última entrega de la trilogía \"Guardianes de la Ciudadela\",  los destinos de los protagonistas vuelven a entrelazarse, condicionados  por revelaciones que ponen en peligro su relación, pero que podrían suponer la clave para salvar su mundo.','2022-11-24',0,736,'INFANTILYJUVENIL','FANTASIA',18,NULL),(83,'El Secreto de Xein',28,'Los caminos de Axlin y Xein vuelven a cruzarse, pero ellos parecen estar más distanciados que nunca. Axlin trabaja en la biblioteca y sigue recopilando información para  completar su bestiario mientras investiga una presencia inusual de  monstruos dentro de los muros de la Ciudadela. Además, al intentar  ayudar a su amigo Dex con un problema personal se ve envuelta en un  conflicto que implica a varias familias aristocráticas de la ciudad vieja. ','2018-11-08',0,448,'INFANTILYJUVENIL','FANTASIA',18,NULL),(84,'El Bestiario de Axlin',28,'El mundo de Axlin está plagado de monstruos. Algunos atacan a los  viajeros en los caminos, otros asedian las aldeas hasta que logran  arrasarlas por completo y otros entran en las casas por las noches para llevarse a los niños mientras duermen.','2018-04-05',0,512,'INFANTILYJUVENIL','FANTASIA',18,NULL),(85,'El Libro de los Portales',28,'Los pintores de la Academia de los Portales son los únicos que saben cómo dibujar los extraordinarios portales de viaje que constituyen la red de comunicación y transporte más importante de Darusia. Sus rígidas normas y su exhaustiva formación garantizan una impecable profesionalidad y perfección técnica en todos sus trabajos. Cuando Tabit, estudiante de último año en la Academia, recibe el encargo de pintar un portal para un humilde campesino, no imagina que está a punto de verse involucrado en una trama de intrigas y secretos que podría sacudir los mismos cimientos de la institución.','2021-10-06',0,496,'INFANTILYJUVENIL','FANTASIA',NULL,NULL),(86,'El Ciclo del Eterno Emperador',28,'Vida y muerte. Oro y sangre. Tal es el poder del eterno emperador de Akidavia. El Eterno Emperador gobierna Akidavia durante mil años antes de morir  para renacer de nuevo. Tras la muerte de su última encarnación, varios  miembros del Consejo Imperial se presentan en una pequeña aldea en busca  del recien nacido que alberga el alma de Su Divinidad y que, por tanto, debe ocupar el trono. ','2021-09-09',0,528,'INFANTILYJUVENIL','FANTASIA',NULL,NULL),(87,'Donde los Árboles Cantan',28,'Algunas historias se escuchan... otras se viven. Viana, la única hija del duque de Rocagrís, está prometida al joven Robian de Castelmar desde que ambos eran niños. Los dos se aman y se casarán en primavera. Sin embargo, durante los festejos del solsticio de invierno, un arisco montaraz advierte al rey de Nortia y sus caballeros de la amenaza de los bárbaros de las estepas y tanto Robian como el duque se ven obligados a marchar a la guerra. En tales circunstancias, una doncella como Viana no puede hacer otra cosa que esperar su regreso y, tal vez, prestar atención a las leyendas que se cuentan sobre el Gran Bosque el lugar donde los árboles cantan.','2011-10-13',0,480,'INFANTILYJUVENIL','FANTASIA',NULL,NULL),(88,'El Valle de los Lobos',28,'Un mundo de hechizos, traiciones y magia. Ahora en rústica. Dana, la actual Señora de la Torre, deberá enfrentarse nuevamente al Maestro; junto a Fenris, el elfo, tendrá que impedir que se cumpla la venganza del Amo de la Torre. ¿Conseguirán nuestros héroes que triunfe su rebelión? Imaginación y fantasía se unen en esta historia de luchas y seres mágicos.','2010-02-17',0,239,'INFANTILYJUVENIL','FANTASIA',19,NULL),(89,'La Llamada de los Muertos',28,'Tras la llegada a la Torre de Saevin, un muchacho con unos poderes excepcionales, Dana siente que algo extraño está a punto de suceder y decide viajar a la Ciudad Olvidada para visitar el Templo Sin Nombre y consultar al oráculo. La aterradora profecía que sale de su boca y en la que se verán implicadas once personas la inquieta todavía más. Pero ¿existe alguien capaz de manipular los designios del destino?','2010-02-17',0,239,'INFANTILYJUVENIL','FANTASIA',19,NULL),(90,'La Maldicion del Maestro',28,'Un mundo de hechizos, traiciones y magia. Ahora en rústica. Dana, la actual Señora de la Torre, deberá enfrentarse nuevamente al Maestro; junto a Fenris, el elfo, tendrá que impedir que se cumpla la venganza del Amo de la Torre. ¿Conseguirán nuestros héroes que triunfe su rebelión? Imaginación y fantasía se unen en esta historia de luchas y seres mágicos. ','2010-02-17',0,239,'INFANTILYJUVENIL','FANTASIA',19,NULL),(91,'La Resistencia I',28,'Jack pedalea con fuerza, empujado por un extraño presentimiento. Sabe que algo no va bien, pero apenas sospecha que cuando llegue a su casa su vida habrá cambiado de manera inimaginable. Tampoco sabe que su destino está unido al de Kirtash, un frío asesino, y al de Victoria, una chica a quien todavía no conoce. Cuando Jack cruce el umbral de su casa, habrá entrado en el mundo de la Resistencia, un pequeño grupo que lucha por la libertad de un mundo llamado Idhún.','2009-10-02',0,205,'INFANTILYJUVENIL','FANTASIA',20,NULL),(92,'La Resistencia II',28,'Desde la distancia, las chicas del colegio de Victoria asisten con envidia a la conversación que su compañera mantiene con un guapo desconocido. Jamás sabrán que estos dos viejos amigos llevan años sin verse o que se conocieron luchando por acabar con la tiranía en un remoto planeta. Tampoco sabrán que el letal Kirtash todavía les busca para darles caza, pues la misión de Victoria y de su amigo Jack, y por tanto de la Resistencia, dista mucho de haber concluido.','2009-10-02',0,256,'INFANTILYJUVENIL','FANTASIA',20,NULL),(93,'Triada',28,'\'El dragón y el unicornio han llegado… El dragón y el unicornio están aquí…\' La noticia corre como la pólvora entre los idhunitas contrarios a la tiranía de Ashran el Nigromante. Crecen así las esperanzas de que la ansiada profecía se cumpla y el mundo de Idhún sea liberado. Y, sin embargo, la guerra sigue y los miembros de la Resistencia toman caminos diversos. Además, ¿cómo creer en Jack y Victoria, si Kirtash, el Shek, está con ellos?','2005-09-16',0,766,'INFANTILYJUVENIL','FANTASIA',20,NULL),(96,'Triada: Predestinacion',28,'La raza de los Celestes es conocida por su capacidad empática, ya que sienten las verdaderas emociones de las personas; debido a ello perciben el dolor y la rabia de Victoria, furiosa y con ánimo de venganza tras lo sucedido a su amigo Jack. De lo que no hay duda es de que ella recorrerá el mundo de Idhún hasta cumplir su objetivo ¿Qué problemas tendrá que afrontar la joven en su desesperada misión? Una novela que continúa la saga de Memorias de Idhún. ','2010-05-07',0,399,'INFANTILYJUVENIL','FANTASIA',20,NULL),(97,'El Club de las Sombras',29,'Sol decide estudiar, para elaborar su trabajo del instituto, la figura de Enriqueta Martí, la \"Vampira de Barcelona\", una mujer que encarnó toda la miseria y la maldad a la que puede llegar una persona. Sin embargo, Sol descubrirá que aunque Enriqueta murió un siglo atrás, Barcelona sigue llena de sombras. Y que quizá sin darse cuenta se ha metido de lleno en medio de algo mucho más grande y peligroso de lo que pueda sospechar. ','2021-10-07',0,168,'INFANTILYJUVENIL','TERROR',21,NULL),(98,'Las Hijas de Tara',28,'Bienvenidos a un mundo futuro en el que tecnología y naturaleza son enemigas irreconciliables.','2021-05-12',0,320,'INFANTILYJUVENIL','FANTASIA',NULL,NULL),(99,'Todas las Hadas del Reino',28,'La nueva novela de Laura Gallego: érase una vez una historia de aventuras, magia e intriga que nadie podía dejar de leer... ayudando con gran eficacia a jóvenes doncellas y a aspirantes a héroe para que alcancen sus propios finales felices. Su magia y su ingenio nunca le han fallado, pero todo empieza a complicarse cuando le encomiendan a Simón, un mozo de cuadra que necesita su ayuda desesperadamente. Camelia ha solucionado casos más difíciles; pero, por algún motivo, con Simón las cosas comienzan a torcerse de forma inexplicable...','2015-03-12',0,480,'INFANTILYJUVENIL','FANTASIA',NULL,NULL),(100,'El Secreto Desvelado',30,'En esta apasionante conclusión de ¿Quién mató a Alex?, la investigación sobre el asesino o asesina de Alex continúa, y también la búsqueda de su cadáver, que ha desparecido. A raíz de la muerte de otra joven de la ciudad, Hannah descubre que los dos crímenes están relacionados y que el culpable está más cerca de lo que pensaban. Y al jugarse la vida para seguir esa pista, Hannah desencadena unos sucesos inesperados y sorprendentes que revelarán el misterio de quién mató a Alex.','2017-04-05',0,416,'INFANTILYJUVENIL','TERROR',22,NULL),(101,'El Misterio que nos Une',30,'Hannah es una adolescente de dieciséis años enganchada a las redes sociales. Pero un día recibe una solicitud de amistad de Facebook de un chico llamado Alex Crowell. Al aceptarla, descubre en el muro de Alex que está muerto. Y luego pasa algo todavía más escalofriante: recibe un mensaje privado del joven donde él le pide ayuda para averiguar quién lo mató. En una trepidante investigación, Hannah descubre que hay muchas personas involucradas en su muerte. Pero contará con una ayuda inesperada, la del fantasma de Alex.','2017-03-15',0,408,'INFANTILYJUVENIL','TERROR',22,NULL),(102,'El Asesinato de NoxPoint',30,'Rachel Hill aparece muerta en su habitación, estrangulada. En Noxpoint, un pueblecito de menos de quinientos habitantes, todos se conocen. Nadie sabe que el culpable es Max Russell, un muchacho de dieciocho años con tendencias psicópatas que sigue matando, para horror de los indefensos habitantes de la población. Pero de repente, cuando se descubre la tercera víctima de Max, aparece una cuarta, y el sabe que no es el asesino… y que este le está vigilando. De cazador a presa, Max tendrá que averiguar quien es el otro asesino de Noxpoint para que su propio secreto no salga a la luz.','2019-05-15',0,352,'INFANTILYJUVENIL','TERROR',NULL,NULL),(103,'El Regreso de Anna Crowell',30,'Anna despierta después de un incendio: se ha convertido en un fantasma, y solo puede conectar con Caleb y con Rosie. Torturada por averiguar lo que le pasó y por localizar su cuerpo, Anna le pide ayuda a Caleb. El único problema es que Caleb también es un fantasma, aunque mucho más poderoso que Anna. Poco a poco Anna descubre un clan de fantasmas como ella entre los cuales se encuentra Aaron, con el que Anna establece una estrecha relación. Gracias a él, logrará descubrir quién fue el responsable de su muerte y llegará a tener una segunda oportunidad para la vida. Pero, ¿podrá sacrificar todo lo que ama en el mundo de los fantasmas?','2018-04-11',0,368,'INFANTILYJUVENIL','TERROR',NULL,NULL),(104,'Muerte en el Mar',30,'Claire Campbell, una estudiante que ha ganado una beca para asistir a un prestigioso instituto en el que los grandes poderosos del mañana estudian a bordo de un lujoso crucero, presencia cómo un compañero pierde la vida en el barco. Sin embargo, algo le dice a Claire que no ha sido un simple accidente...','2020-10-26',0,304,'INFANTILYJUVENIL','TERROR',NULL,NULL),(105,'La Ciudad de los Fantasmas',31,'Desde que Cass estuvo a punto de ahogarse (está bien, sí, se ahogó, pero no le gusta pensar en eso), puede correr el Velo que separa a los vivos de los muertos. y entrar al mundo de los espíritus. De hecho, Jacob, su mejor amigo, es un fantasma.','2018-11-19',0,256,'INFANTILYJUVENIL','TERROR',23,NULL),(106,'Los Túneles de Huesos',31,'Los problemas parecen no abandonar a Cassidy Blake.','2019-10-08',0,256,'INFANTILYJUVENIL','TERROR',23,NULL),(107,'El Puente de las Almas',31,'Allí donde hay fantasmas está Cassidy Blake. ¿o es al revés? Cass cree que ya lo sabe todo sobre cazar fantasmas. Al fin y al cabo, ella y su mejor amigo fantasma, Jacob, han sobrevivido a dos ciudades encantadas mientras viajaban para el programa de televisión de sus padres. Pero nada puede preparar a Cass para Nueva Orleans, donde fantasmas y espíritus campan a sus anchas. En una ciudad llena de rutas encantadas y tumbas, música estrepitosa y todo tipo de magia, Cass podría perderse en las espeluznantes leyendas locales. Pero la mayor sorpresa de la ciudad es un enemigo al que nunca imaginó tener que enfrentarse: un servidor de la mismísima Muerte. La autora superventas, Victoria Schwab, te invita a la ciudad embrujada de Nueva Orleans en esta tercera entrega de su electrizante y aterradora serie Las crónicas de Cassidy Blake.','2021-03-16',0,256,'INFANTILYJUVENIL','TERROR',23,NULL),(108,'Un dueto Oscuro',31,'Kate Harker no teme a los monstruos. Los caza. Y lo hace muy bien. August Flynn alguna vez tuvo el anhelo de ser humano. Pero ya no.Tiene un papel que cumplir. Y lo hará, cueste lo que cueste','2022-06-07',0,448,'INFANTILYJUVENIL','TERROR',NULL,NULL),(109,'Una Venganza Mortal',31,'Eli Ever y Victor Vale eran simples estudiantes de medicinaácuando descubrieron que las experiencias cercanas a la muerteápueden manifestar capacidades extraordinarias si se danáciertas condiciones. Fueron muy amigos, luego se convirtieron en rivales y, finalmente,áse volvieron enemigos. Estuvieron muertos, revivieron, y más tarde. Eli mató a Victoráde una vez por todas. ','2022-06-07',0,544,'INFANTILYJUVENIL','TERROR',NULL,NULL),(110,'La Vida Invisible de Addie Larue',31,'Una historia que nunca olvidarás.Tras hacer un pacto con el diablo, Addie entrega su alma a cambio de la inmortalidad. Sin embargo, ningún trato faustiano está exento de consecuencias: el diablo le entregará la inmortalidad que tanto desea, pero le quitará algo que ella anhelará durante toda su existencia: la posibilidad de ser recordada.Addie abandona su pequeño pueblo natal en la Francia del siglo xviii y comienza un viaje que la lleva por todo el mundo, mientras aprende a vivir una vida en la que nadie la recuerda y todo lo que posee acaba perdido o roto. ','2020-10-06',0,504,'INFANTILYJUVENIL','FANTASIA',NULL,NULL),(111,'Una Magia más Oscuras',31,'Kell es uno de los últimos magos viajeros con una extraña habilidad para trasladarse entre universos paralelos conectados por una ciudad mágica. Existe un Londres Gris, sin magia y con un rey loco: el rey George III. Un Londres Rojo, donde se honra la vida y la magia y donde Kell creció junto al heredero de un imperio esplendoroso. Un Londres Blanco, donde la lucha por controlar la magia dejó una ciudad en ruinas. Y mucho tiempo atrás, había un Londres Negro. Pero ya nadie habla de eso.','2021-02-24',0,400,'INFANTILYJUVENIL','FANTASIA',24,NULL),(112,'Concilio de Sombras',31,'Han pasado cuatro meses desde que una misteriosa piedra obsidiana cayó en manos de Kell. Cuatro meses desde que Delilah Bard se cruzó en su camino. Cuatro meses desde que el príncipe Rhy fue herido y desde que los mellizos Dane del Londres Blanco cayeron y que la piedra fue arrojada con el cuerpo agonizante de Holland por el abismo de regreso al Londres Negro.','2021-02-24',0,528,'INFANTILYJUVENIL','FANTASIA',24,NULL),(113,'Conjuro de Luz',31,'El equilibrio de poder se ha roto por fin? La precaria estabilidad entre los Londres ha llegado al límite. La oscuridad ha proyectado sus sombras sobre el Imperio Maresh, otrora vibrante con la vivacidad roja de la magia. ¿Aprovechará otro de los Londres para resurgir?','2021-02-24',0,688,'INFANTILYJUVENIL','FANTASIA',24,NULL),(114,'Un Dueto Oscuro',31,'Kate Harker no teme a los monstruos. Los caza. Y lo hace muy bien. August Flynn alguna vez tuvo el anhelo de ser humano. Pero ya no.Tiene un papel que cumplir. Y lo hará, cueste lo que cueste','2018-10-22',0,480,'INFANTILYJUVENIL','ROMANTICA',25,NULL),(115,'Una Canción Salvaje',31,'Kate Harker quiere ser despiadada como su padre. Tras cinco años en los que pasó por seis internados, al fin regresa a casa para demostrar que puede serlo.August Flynn quiere ser humano. Pero no lo es. Es un monstruo, capaz de robar almas con una canción. Es uno de los tres monstruos más poderosos de una ciudad plagada de estas criaturas. El arma secreta de su propio padre.','2018-07-02',0,416,'INFANTILYJUVENIL','FANTASIA',25,NULL),(116,'El Ojo de Polifemo',32,'Novela policíaca protagonizada por Samuel, un chico de dieciseis años. Por una serie de avatares familiares, el joven termina viviendo temporalmente con su tío Juan Domingo, que regenta una agencia de detectives. Samuel acaba colaborando como ayudante en el nuevo caso de su tío. Juntos se dedican a investigar mano a mano y descubren una intrincada trama que tiene su origen en el robo a un bodeguero manchego de una joya valiosísima, \"el ojo de Polifemo\". En esta historia están envueltos un desaparecido llamado Damián Romero, varios de sus compañeros de trabajo, un anticuario, un joyero, una señora que colecciona objetos antiguos y hasta el sobrino de esta mujer. Entre pesquisa y pesquisa, Samuel se enamora de Andrea, una chica de su edad que trabaja en una heladería, y termina por encariñarse con su tío, con quien establece un vínculo especial.','2022-03-31',0,320,'INFANTILYJUVENIL','TERROR',NULL,NULL),(117,'Te veo',33,'Un día, desde la ventana del lavadero, a Sara le parece ver el cadáver de una mujer en casa de sus vecinos, Paco y Maruja. Días antes, la pareja había estado discutiendo y desde entonces parece que a Maruja se la ha tragado la tierra. Los jóvenes del edificio buscan la manera de investigar el posible homicidio y se organizan para dar con alguna pista. Pero no lo tienen nada fácil, aunque ellos persisten en su afán por resolver el misterio de la desaparición de su vecina.','2023-02-06',0,116,'INFANTILYJUVENIL','TERROR',NULL,NULL),(118,'El Club de los Invisibles',33,'Cinco amigos (Juan, Lex, Al, Ana y Salomé) y un fantasma (Simón) son los integrantes del Club de los Invisibles. Los chicos se unen para luchar contra el abusón del campamento en el que están pasando sus vacaciones de verano. Pero, además, tienen la misión de encontrar una cueva y un libro que desapareció hace años y que puede darle a Salomé las claves sobre el origen de sus poderes de invisibilidad. Aunque la búsqueda se interrumpe cuando Al es secuestrada por dos matones que quieren chantajear a su padre que es juez.','2023-02-14',0,160,'INFANTILYJUVENIL','TEMASOCIAL',NULL,NULL),(119,'La Sanguijuela Roja',34,'A sus catorce años, Sherlock Holmes sabe que Amyus Crowe, su misterioso tutor, oculta oscuros secretos. Pero no esperaba descubrir que el asesino más famoso del mundo, John Wilkes Booth, responsable de la muerte de Abraham Lincoln, viviera en una ciudad cerca de Londres cuando todos lo daban por muerto, y mucho menos que Crowe y su hermano Mycroft estuvieran implicados en ello. Así comienza una aventura que llevará a Sherlock a Estados Unidos, donde se verá envuelto en una peligrosa trama donde la vida no vale nada y donde la verdad tiene un precio que nadie en su sano juicio estaría dispuesto a pagar.','2014-08-28',0,312,'INFANTILYJUVENIL','TERROR',26,NULL),(120,'La Nube de la Muerte',34,'Inglaterra, 1868: un adolescente Sherlock Holmes se siente solo y marginado en un internado masculino de Deepdene. EN vacaciones, le envían a Hampshire con sus p excéntricos tíos. Allí se topa con un misterioso caso: dos victimas de lo que parece ser peste bubñonica han sido descubiertas después de que una nube de humo pasara por encima de sus cuerpos. El testigo de la primera muerte es Matthew Arnatt, un huérfano de la edad de Sherlock que enseguida traba amistas con él. Y con la ayuda de su nuevo tutor, Amyus Crowe, comienza su verdadera educación como detective. Su valentía y sed de aventuras le conducen a un vertiginoso viaje desde la tranquila campiña hasta el submundo portuario de Londres: incendios, secuestros y espionaje le llevarán al centro de un espantoso complot del que depende el futuro de Gran Bretaña.','2013-07-09',0,288,'INFANTILYJUVENIL','TERROR',26,NULL),(121,'Te Daría el Mundo',35,'Una luminosa historia sobre el amor, la amistad, la familia y la traición. Sobre el poder del destino y la fuerza de los secretos. Te daría el mundo, el sol, las estrellas, los oceanos, los arboles... todo. Te lo daría todo. ','2023-05-18',0,416,'INFANTILYJUVENIL','TEMASOCIAL',NULL,NULL),(122,'El Cielo está en Cualquier Lugar',35,'Lennie Walker tiene diecisiete años y tras la repentina muerte de su adorada hermana mayor, se siente irremediablemente atraída por el tranquilo y seductor Toby, el novio de siempre de su hermana, con quien comparte su dolor... Pero cuando el chico nuevo, Joe, vital y con muchos recursos (empezando por la música), empieza a rondarla y a dejarle misteriosas notas por todas partes, ella se da cuenta de que ambos le ofrecen algo que ahora necesita imperiosamente. ¿Cómo combatir el dolor por la pérdida? ¿Cómo encarar un nuevo amor? ¿Es posible conciliar ambos? Y los errores, ¿qué hacemos con ellos? Sentimientos desbordados se desatan y se cruzan con contrapuntos humorísticos.','2019-06-18',0,288,'INFANTILYJUVENIL','ROMANTICA',NULL,NULL),(124,'Bajo el Paraguas Azul',36,'¿Sabes en cuánto tiempo se puede arruinar la vida de una persona? En dos segundos, lo que se tarda en compartir una foto por WhatsApp. Tú lo sabes, te han dado charlas sobre cyberbullying, a ti nunca te pasaría, ya estamos con los rollos de siempre ¿verdad? Eso es lo mismo que pensó Glauca. ¿Qué podía pasar si le mandaba una foto a su novio si se querían mucho? Lo que no sabía era que su novio se la pasaría a Andrea. Y Andrea, que la odia con toda su alma, la compartiría con más gente y la subiría a internet para convertirla en el hazmerreír de todos. Y en internet, tu vida deja de ser tuya al instante. Pero Andrea no contaba con que, cuando Glauca estaba a punto de tirar la toalla, alguien no se cansaría de luchar por ella... y le ofrecería un paraguas azul.','2018-12-10',0,180,'INFANTILYJUVENIL','TEMASOCIAL',NULL,NULL),(125,'Los Escarabajos vuelan al Atardecer',37,'Una novela de misterio y aventura que te atrapará desde el primer momento. Una casa deshabitada. Tres amigos con todo el verano por delante. Unas cartas antiguas que hablan de un misterio y de un terrible maleficio. Una partida de ajedrez en la que hay mucho en juego. Y los escarabajos, que aparecen en los lugares más insospechados. Quizá, después de tanto tiempo, ha llegado el momento de resolver el enigma que esconde la quinta Selander. ','2019-03-07',0,232,'INFANTILYJUVENIL','TEMASOCIAL',NULL,NULL),(126,'La Hija del Espantapajaro',37,'Un libro que pone de manifiesto el valor de la familia y la superación de dificultades. Loella vive con sus hermanos en una cabaña en el bosque. Su madre está siempre de viaje y de su padre no sabe nada. Un día recibe una carta que cambiará su vida para siempre. ¿Qué destino le aguarda? ¿Encontrará lo que lleva tanto tiempo buscando?','2019-09-06',0,216,'INFANTILYJUVENIL','TEMASOCIAL',NULL,NULL),(127,'Héroe a mi Pesar',38,'A veces las cosas no son fáciles, aunque seas un héroe. Andrés es un chaval normal y corriente, aunque ahora todo el mundo a su alrededor se empeña en decir lo contrario. ¿Que le dieron un navajazo por defender a un amigo? Sí, pero fue un impulso. Además, ¿es que eso importa ahora? Tiene un montón de asuntos más urgentes: Sara, los estudios, su nuevo trabajo, el negocio de sus padres, el problema de Belén...','2018-09-20',0,176,'INFANTILYJUVENIL','TEMASOCIAL',27,NULL),(128,'Nunca Seré tu Héroe',38,'Andrés es un joven que no vive su mejor momento: está harto del colegio, de su madre, de su eterno acné... Solo le anima dibujar cómics, su novia y odiar a Jorge, el pijo del colegio. ¿Qué hará para encontrar su sitio en la vida?','2017-05-16',0,192,'INFANTILYJUVENIL','TEMASOCIAL',27,NULL),(129,'Héroe en Deportivas',38,'Andrés solo es un chico normal, pero es que la vida, a veces, se empeña en ponerle las cosas difíciles. Y él se enfada, se desespera, se entristece... Pero al final le toca levantarse, superar sus problemas y reír. Como a todos. Porque todos somos héroes cada día, en deportivas, en chanclas o en pantuflas. El caso es ser feliz.','2017-08-24',0,192,'INFANTILYJUVENIL','TEMASOCIAL',27,NULL),(130,'El poso amargo del cafe',38,'Pase lo que pase siempre puedes empezar de nuevo.','2019-03-07',0,160,'INFANTILYJUVENIL','TEMASOCIAL',NULL,NULL),(131,'El regalo Perfecto para Mamá',38,'¿Alguna vez pasaste horas y horas ensartando macarrones en un cordel  para regalarle un «precioso» collar a tu madre? ¿O eres de las que la  agasajaban con un lote de perfume y desodorante aunque ya lo tuviera  repetido? Todos nos hemos preguntado en algún momento cómo podríamos agradecer ese amor materno incondicional.','2918-04-26',0,112,'INFANTILYJUVENIL','TEMASOCIAL',NULL,NULL),(136,'Teoría del Azar Cósmico',22,'Julio es un chico más bien normal, hasta que descubre que tiene un coeficiente de inteligencia extraordinario. Ante un don así, decide utilizar su inteligencia para llevar a cabo todo tipo de proyectos, entre los que destaca una idea de novela, titulada Teoría del azar cósmico para principiantes. Obsesionado por el peso imprevisible de la fortuna, el azar jugará un papel fundamental en las iniciativas de Julio y las personas con las que se encuentra: sus relaciones sentimentales con Graciela, Sole y Cornelia, su amistad con el joven Ismael o su trabajo como acompañante del anciano Gaspar. Porque, ante todo, Julio es un emprendedor que trata de rentabilizar todo lo que se le ocurre (por disparatado que sea).','2022-09-01',0,192,'INFANTILYJUVENIL','TEMASOCIAL',NULL,NULL),(137,'Donde esté mi Corazón',22,'La vida de Montse ha cambiado por completo: un hecho imprevisible ha sacudido sus cimientos. Ha estado a las puertas de la muerte, pero ha vencido, aunque el precio es muy duro. Ahora en su vida hay un antes y un después. Y mientras trata de recuperar su sonrisa, aparece Sergio, la esperanza. Tal vez, el amor.','2005-09-26',0,212,'INFANTILYJUVENIL','TEMASOCIAL',NULL,NULL),(138,'El largo Regreso',22,'Una desaparición misteriosa y un regreso no menos extraño que enganchará a los lectores desde la primera página. Cuatro años después de su desaparición, Susana se presenta en casa como si nada hubiera pasado. Ante el desconcierto de la familia, y el suyo propio, la muchacha debe asumir que hay una laguna en su memoria que no es capaz de desvelar. ','2020-07-09',0,176,'INFANTILYJUVENIL','TERROR',NULL,NULL),(139,'Cazando Flores en la Oscuridad',22,'Una novela de ciencia ficción al más puro estilo americano.','2021-03-04',0,176,'INFANTILYJUVENIL','TEMASOCIAL',NULL,NULL),(140,'Sin vuelta atrás',22,'Una novela en la que se pone de manifiesto la culpabilidad de todos en un entorno de acoso escolar.','2022-03-10',0,160,'INFANTILYJUVENIL','TEMASOCIAL',NULL,NULL),(141,'Desnuda',22,'\"Desnuda\" es un libro directo como un puñetazo en el estómago. Un libro sobre los malos tratos en la adolescencia. Un libro necesario.','2014-04-07',0,152,'INFANTILYJUVENIL','TEMASOCIAL',NULL,NULL),(142,'Llamando a las Puertas del Cielo',22,'Silvia, estudiante de Medicina, marcha a la India para trabajar como cooperante durante el verano en un hospital ubicado en un recóndito lugar lejos del mundo. Al hacerlo, se opone a sus padres, a su novio, y toma así, siguiendo su instinto y su corazón, una decisión que cambiará su vida y su forma de penar. En la India conocerá el dolor y el sufrimiento de los que no tienen nada, pero también la alegría y la paz de su conciencia, y vivirá a caballo de dos, sino de tres mundos: por un lado Arturo, que la espera en España; por el otro Leo, el joven médico, cooperante como ella, capaz de renunciar a todo por estar allá; y finalmente Mahendra, el príncipe hindú que guarda el más doloroso de los secretos y que la sumergirá en un nuevo horizonte sin fronteras.','2006-03-31',0,288,'INFANTILYJUVENIL','TEMASOCIAL',NULL,NULL),(143,'97 Formas de decir te quiero',22,'Cristóbal no sale de su asombro cuando Daniela, una joven desconocida, le revela que ambos murieron veinte años atrás con la promesa de reencarnarse. Pero más atónito queda aún cuando investiga la terrible y fascinante historia contada por Daniela. Es entonces cuando surge el misterio, y también la esperanza de que un gran amor roto renazca. Aunque todavía queda una última clave por desvelar...','2021-11-11',0,176,'INFANTILYJUVENIL','TEMASOCIAL',NULL,NULL),(144,'Campos de Fresa',22,'Un libro para reflexionar sobre las imprevisibles consecuencias de los actos. Luciana es una joven que ha tomado una decisión equivocada y está pagando las consecuencias de sus actos. Sus amigos intentarán ayudarla para que pueda corregir ese terrible error. ¿Podrá la joven disponer de una segunda oportunidad y tomar las riendas de su vida? Una estremecedora historia sobre los peligros que acechan a los jóvenes de hoy.','2017-05-16',0,136,'INFANTILYJUVENIL','TEMASOCIAL',NULL,NULL),(145,'Invisible',39,'Emotiva, conmovedora, diferente...Invisible narra, a través de  los ojos de un niño, una historia que podría ser la de cualquiera de nosotros.','2018-02-01',0,304,'INFANTILYJUVENIL','TEMASOCIAL',NULL,NULL),(146,'Las Ventajas de ser un Marginado',40,'VIVIR al margen ofrece una perspectiva ÚNICA...','2012-10-03',0,264,'INFANTILYJUVENIL','TEMASOCIAL',NULL,NULL),(147,'El Verano en el que llegaron los Lobos',41,'Es difícil encajar en un pueblo de pájaros cuando eres un ciervo.El verano que vi luces en la isla, yo esperaba muchas cosas. Algunas grandes y otras pequeñas. Esperaba que mi padre aceptase que quería irme del pueblo; esperaba que Samuel bajase a la playa; esperaba que Alicia y Clara me viesen tal y como era, y no como querían que fuera; esperaba encajar de alguna  manera, aunque fuese para despedirme...','2023-04-25',0,200,'INFANTILYJUVENIL','TEMASOCIAL',NULL,NULL),(148,'El Mar',41,'Rob ha sobrevivido a un tsunami y ahora vive en un tejado, caza tesoros en su barco hecho de corcho blanco y está perdidamente enamorado de Lana.','2015-01-01',0,264,'INFANTILYJUVENIL','FANTASIA',NULL,NULL),(149,'La Fábrica Creator',41,'Cuando Carlos cumple doce años, sus padres le hacen el más sorprendente regalo que ningún chico haya soñado: le revelan que ellos son los guardianes de Éldonon y que le ha llegado el momento de su iniciación en aquel país. Carlos conocerá a los creátor, los imaginatos, los somnios y los musa, y se enfrentará a innumerables peripecias en el lugar donde se crean las sirenas, los dragones o los vampiros, y desde donde son introducidos en nuestra realidad. Junto a sus compañeros de la Fábrica Creátor, tendrá que enfrentarse a un crimen que los adultos no han sido capaces de evitar. ¿Bastará con el poder de la imaginación para resolverlo?','2011-01-11',0,328,'INFANTILYJUVENIL','FANTASIA',28,NULL),(150,'La Sede de los Imaginatos',41,'libro último de la tetralogía «Los portales de Éldonon»Por fin Éldonon disfruta de paz. Carlos, lejos de la maléfica Igua, descubre el mundo de la imaginación como nunca antes lo ha conocido. La alegría inunda todos los rincones, los eldonianos celebran su libertad y viven por fin sin ser esclavos del terror que los ha mantenido atenazados durante tantas generaciones. Carlos y sus compañeros se enfrentarán en este clima de paz a su último año como aprendices en la Sede de los Imaginatos. ¿Será este oficio eldoniano tal y como lo han imaginado? Todo parece marchar a la perfección hasta el cumpleaños de Carlos; entonces un extraño regalo aparece en su habitación llevando la firma de su vieja enemiga. ¿Amenazará esto la vida de los aprendices o será sólo un mensaje de otro tiempo? ¿Deben preocuparse en Éldonon o su victoria es definitiva? ¿Podrían vivir en la Tierra desligados de los mundos de la imaginación?Tras el éxito del primer volumen de la saga, La Fábrica Creátor (en 2ª edición), y de sus continuaciones, Los Cines Somnios y La Última Musa, finalizan las aventuras en Éldonon, un mundo abierto a la imaginación.','2014-06-09',0,432,'INFANTILYJUVENIL','FANTASIA',28,NULL),(151,'Los Cines Somnios',41,'Tras el éxito del primer volumen de la saga, La Fábrica Creátor (ganadora del certamen Andalucía Joven de Narrativa 2007), continuamos con la segunda parte de la tetralogía «Los portales de Éldonon». Después de iniciarse en el mundo de Éldonon, el reino desde donde se introducen todas las criaturas imaginarias en nuestra realidad, y de vivir en la Fábrica Creátor, Carlos volverá a la tierra a la que pertenece para formarse en los Cines Somnios. Abandonado prácticamente a su suerte, nuestro héroe aprenderá a crear sueños y pesadillas para los humanos, pero ¿qué ocurrirá si algo se le escapa de las manos? ¿Y si el número de pesadillas comienza a crecer desproporcionadamente? ¿Cómo afectará eso a Éldonon? ¿Y a la Tierra? En un escenario desconocido y acompañado de sus viejos amigos, Carlos tendrá que lidiar con una nueva amenaza de la inquietante Igua, pero también consigo mismo porque, dentro de él, se desatará un poder que nadie podrá controlar. ','2011-11-30',0,368,'INFANTILYJUVENIL','FANTASIA',28,NULL),(152,'La Camara del Monarca',41,'Los días de Kate en Madrid junto a Cástor pasan como una condena. Mientras Kate clama venganza por la muerte de su tío, un antiguo códice con los secretos de los alfas ha desaparecido. Los alfas del monarca dirigen la investigación, y un pequeño núcleo de alfas libres prepara su revuelta.¿Saldrá victoriosa la libertad frente al poder? Y el amor entre Óliver y Kate, ¿sobrevivirá ante tanto dolor?','2021-03-18',0,344,'INFANTILYJUVENIL','CIENCIAFICCION',NULL,NULL),(153,'El último trabajo del Señor Luna',15,'Un joven superdotado, aunque muy vulnerable afectivamente, se verá involucrado en un complicado plan de venganza orquestado por un poderoso narcotraficante boliviano de cocaína. Por las calles de Madrid se entrecruzarán las vidas de un asesino a sueldo, una emigrante latinoamericana y un adolescente.','2023-04-12',0,248,'INFANTILYJUVENIL','TEMASOCIAL',NULL,NULL),(154,'Las Lágrimas de Shiva',15,'En cierta ocasión, hace ya mucho tiempo, vi un fantasma. Sí, un espectro, una aparición, un espíritu; lo puedes llamar como quieras, el caso es que lo vi. Ocurrió el mismo año en que el hombre llegó a la Luna y, aunque hubo momentos en los que pasé mucho miedo, esta historia no es lo que suele llamarse una novela de terror. --Todo comenzó con un enigma: el misterio de un objeto muy valioso que estuvo perdido durante siete décadas. Las Lágrimas de Shiva, así se llamaba ese objeto extraviado. A su alrededor tuvieron lugar venganzas cruzadas, y amores prohibidos, y extrañas desapariciones.--Hubo un fantasma, sí, y un viejo secreto oculto en las sombras, pero también hubo mucho más.','2005-04-21',0,240,'INFANTILYJUVENIL','TEMASOCIAL',29,NULL),(155,'El Círculo escarlata',15,'CONTINUACIÓN DEL ÉXITO LAS LÁGRIMAS DE SHIVA. ¡UNA HISTORIA QUE TE APASIONARÁ!','2020-11-03',0,268,'INFANTILYJUVENIL','TEMASOCIAL',29,NULL),(156,'La Cruz de el Dorado',15,'Tras una huida precipitada de España y un viaje a América no menos azaroso, en el que Jaime Mercader conoce a un misterioso asesino árabe, por fin la vida del joven parece estabilizarse. Corría el mes de junio de 1903 en la hermosa Cartagena de Indias y Jaime Mercader se había convertido en el tahúr más famoso de la ciudad caribeña. Sin embargo, de nuevo la aventura pasa por su lado tentándolo. Claro que es fácil entender que cayera en ella, sobre todo teniendo en cuenta que venía de la mano de una seductora mujer de pelo moreno y ojos oscuros llamada Antonia. Y más aún si el premio era el fabuloso tesoro de Íñigo de Saavedra: la cruz de El Dorado. Así, siguiendo las pistas de una leyenda, Jaime Mercader, Antonia y el árabe Rasul, perseguidos por unos peligrosos piratas, se lanzan a una alocada carrera cruzando selvas y desiertos.','2006-01-01',0,208,'INFANTILYJUVENIL','TEMASOCIAL',NULL,NULL),(157,'La Mansión Dax',15,'Fui, soy y me temo que moriré siendo un ladrón.A veces sueño que regreso de nuevo a la Mansión Dax, al lugar donde todo comenzó, donde cambió mi vida y me transformé en lo que ahora soy. Por desgracia, no se trata de un sueño agradable, sino de una pesadilla. Estoy solo al final de la escalera y tengo miedo. La casa está en silencio, mi corazón late acelerado, y cada peldaño que asciendo me acerca más y más a la locura...Una novela que combina a la perfección la historia, el suspense y la explosión de los sentimientos.Alejo Zarza tiene manos pequeñas, pero ágiles y fuertes dedos de ratero. Sus andanzas por el Madrid del siglo XIX nos transportan a un mundo desconocido: la vida de los ladrones profesionales. Pero un día se cruza en su camino el enigmático Sebastián Dax, y así descubrirá el terrible poder de la venganza y el amargo sabor de la traición.','2020-05-11',0,176,'INFANTILYJUVENIL','FANTASIA',NULL,NULL),(158,'Mentira',42,'Xenia lucha por sacar las mejores notas, impulsada por la ilusión de entrar en Medicina, pero últimamente su rendimiento está bajando. Y es que Xenia se ha enamorado, aunque no de un chico de su entorno, sino de un fantasma, de una voz surgida de Internet con la que comparte su pasión por la lectura. Como Xenia es decidida y su amor virtual se niega a una cita, se propone sorprenderlo, de modo que inicia sus averiguaciones con los pocos datos de que dispone.  Y todo resulta ser falso, una mentira, ni la foto ni el nombre son reales. ¿Quién es en realidad su alma gemela? Arrepentida por el abandono de sus estudios confiesa todo a sus padres, segura de haber sido víctima de algún desaprensivo. Pero pronto un paquete inesperado va a revelarle la identidad del muchacho con el que compartió sus más íntimas emociones. Proviene de la cárcel de menores y contiene la historia de un asesino.','2023-03-24',0,252,'INFANTILYJUVENIL','TEMASOCIAL',NULL,NULL),(159,'Verdad',42,'Absuelto del cargo de asesinato, del que fue injustamente acusado a los 14 años de edad, y una vez probada su inocencia, el ahora joven Eric sale del Correccional de Menores tras cuatro años de internamiento. Sin embargo, la reinserción en una sociedad cargada de prejuicios resultará una realidad todavía más dura: no volver a caer en la delincuencia cuando el entorno parece empeñado en ello, continuar los estudios, encontrar un trabajo,  alejarse de su barrio… Xenia le ayudó a superar unas barreras que creía infranqueables, pero… ¿será el amor una fuerza suficiente para superar las dificultades ahora?','2023-02-09',0,268,'INFANTILYJUVENIL','TEMASOCIAL',NULL,NULL),(160,'Miedo',42,'Hay veces en la vida de algunas personas en que de pronto ocurre algo que lo cambia todo. El miedo. Miedo a vivir. Miedo a no soportar la vida. Miedo a tener que hacerlo. Miedo a no saber cómo. Miedo al miedo.  Esta historia trata de una de esas personas. También trata de los celos. Los celos nos destruyen por dentro. A menudo, también por fuera. Los celos lo destruyen todo. Y siempre pagamos por ellos un precio demasiado alto. Como Eric, como Xenia, como Hugo. Porque aprender a vivir nunca es fácil','2023-02-09',0,296,'INFANTILYJUVENIL','TEMASOCIAL',NULL,NULL),(161,'Ben',42,'Hay personas que despiertan tanta fascinación como rechazo, que te atraen como un imán y a la vez te dan miedo y algo te dice que es mejor permanecer lejos de ellas. Esta es la historia de una de esas personas. Se llama Ben, y a lo mejor has oído hablar de el. De hecho, esta historia comienza en un funeral. El muerto no llegaba a los 24 años y ha sido asesinado. Unos tíos que le odiaban decidieron matarlo a golpes. A su despedida solo han venido ocho personas. ¿Que queda de aquellos a quienes quisimos, cuando han muerto?  Nosotros. Quedamos nosotros. Nuestra memoria, nuestros recuerdos. Lo que hagamos con ellos.','2021-02-02',0,268,'INFANTILYJUVENIL','TEMASOCIAL',NULL,NULL),(163,'El Baile de los Muertos',42,'Samuel, joven huerfano, ha sido adoptado por un personaje rico, misterioso y malvado… Por encargo del gobierno de Isabel II ambos emprenden una misión, junto a una misteriosa chica por el que Samuel se sentirá extrañamente atraído, por los cementerios más antiguos: deberán recabar información sobre ciertas tumbas y los muertos que las ocupan. En su investigación, Samuel descubrirá hechos espeluznantes y una verdad dolorosa: nada ni nadie es lo que parece.','2021-09-29',0,400,'INFANTILYJUVENIL','TERROR',NULL,NULL),(164,'InBox',42,'Soy Alexia, tengo 16 años, quiero ser escritora y soy su mayor admiradora sobre el planeta Tierra. Sus libros han cambiado mi vida por completo, o me han cambiado a mí, o lo han cambiado todo. Sin ellos yo sería otra persona, más aburrida, más simple, o puede que no fuera nada en absoluto. Es decir, usted ha sido para mí una persona (o algo así) realmente pero realmente importante. Seguro que le han dicho lo mismo muchas veces, pero mi historia no es como las demás historias. Con este mensaje de correo electrónico dirigido al enigmático escritor Benedict Woodward, comienza la relación entre estos dos personajes. Y como dice la misma Alexia: no es una historia como las demás, porque nada es lo que parece. Una genial novela de la gran autora Care Santos, que resulta reveladora.','2020-02-04',0,200,'INFANTILYJUVENIL','TEMASOCIAL',NULL,NULL),(165,'Respira',43,'El mundo de Ashley Bennet se ha vuelto completamente del revés. Ella, que por fin pensaba que había conseguido al chico perfecto? renunció a lo que tanto había deseado porque se enamoró sin haberlo planeado. Y ahora está sola. Y va a tener que descubrir quién es ella realmente. Tal vez, en los últimos años, olvidara que lo más importante siempre fue quererse a sí misma...','2023-02-15',0,496,'INFANTILYJUVENIL','ROMANTICA',30,NULL),(166,'Sin Miedo',43,'La vida de Ashley Bennet ha cambiado mucho desde que hizo un trato con el chico más popular del instituto, y ahora parece tener al alcance de su mano todo aquello con lo que llevaba tiempo soñando.','2023-02-15',0,432,'INFANTILYJUVENIL','ROMANTICA',30,NULL),(167,'Saltan Chispas',43,'Ashley Bennet lleva toda la vida colgada de Tyler Sparks, el quarterback del equipo de fútbol del instituto. Ella lo sabe, sus amigas lo saben, él lo sabe, ¡todo el instituto lo sabe! El problema es que Ashley también sabe que nunca será suyo. Pero Cameron Parker, el mejor amigo de Tyler, le propone algo: ayudarla a conseguir que el chico de sus sueños se fije en ella.','2023-02-15',0,480,'INFANTILYJUVENIL','ROMANTICA',30,NULL),(168,'Suelo Sagrado',43,'Ashley y Cam se habían hecho mil promesas antes de irse a la universidad. Y, aunque todo el mundo decía que una relación a distancia no funcionaría, ellos confiaban en que su amor podría con todo, porque... de eso va el amor, ¿no? Ahora, cuatro años más tarde, una única promesa sigue vigente entre los dos: la de olvidarse el uno del otro.  ','2023-02-15',0,448,'INFANTILYJUVENIL','ROMANTICA',30,NULL),(169,'A Gritos',43,'Haley afronta su primer año de universidad, lejos de casa y todo lo que conoce, con una duda que está dispuesta a resolver: si realmente el amor es algo más que lo vivido hasta el momento. Pronto creerá estar cerca de encontrar la respuesta cuando su camino se cruce con el de un misterioso chico de ojos grises cuya mera presencia grita «problemas».','2023-03-08',0,600,'INFANTILYJUVENIL','ROMANTICA',31,NULL),(170,'En Susurros',43,'Después de un curso más que complicado, Haley y Jayden han conseguido encontrar luz en medio de la oscuridad en la amistad que los une. Las heridas aún no han cicatrizado y los miedos no han dejado de acechar; es por eso que, cuando el nuevo curso empieza, los dos se necesitan demasiado para permitir que nada ni nadie ponga en riesgo esa amistad, ni siquiera ellos mismos.¿Se puede volver a amar con el alma rota? ¿Existe alguien capaz de querer y completar al otro a pesar de todas las cicatrices? Jayden nunca había conocido el amor. Haley una vez pensó que lo había encontrado, ciego y abrasador.  ','2023-05-31',0,544,'INFANTILYJUVENIL','ROMANTICA',31,NULL),(180,'Nosotros juntos siempre',44,'Un pueblo llamado Paradise, una casa en el lago y un montón de canciones convertidas en constelaciones. Hannah está a punto de descubrir que no puede elegir no enamorarse...','2023-05-31',0,496,'INFANTILYJUVENIL','ROMANTICA',NULL,NULL),(181,'Somos invencibles',44,'Tommy y Helsey están a punto de descubrir que el amor de verdad no se puede controlar y que un beso puede hacerte volar hasta tocar las estrellas.','2023-01-18',0,544,'INFANTILYJUVENIL','ROMANTICA',NULL,NULL),(182,'Todos los carteles de neón brillan por ti',44,'El destino elige por nosotros, pero, cuando se trata de recuperar el amor de tu vida, luchas por él cueste lo que cueste.','2020-01-01',0,384,'INFANTILYJUVENIL','ROMANTICA',NULL,NULL),(183,'Todas las malditas veces que la tuve debajo',44,'¿Recuerdas cuando eras adolescente y tratabas de ir a la moda, con tu carpeta forrada de fotos de tu grupo favorito y cantando sus canciones hasta quedarte afónica? ¿Recuerdas que pensabas que era imposible que hubiera alguien más guapo que ellos?','2022-06-29',0,528,'INFANTILYJUVENIL','ROMANTICA',NULL,NULL),(184,'Todas las canciones de amor que siempre sonarán',44,'El esperado desenlace de una de las trilogías más intensas y apasionadas del año. Desde que conoció al excitante Ryan Riley, la vida de Maddie se ha vuelto explosiva. Junto a él ha disfrutado del amor más intenso que jamás hubiera imaginado, sin embargo, todo se ha complicado. Entre los padres de ambos, que no dejan de interponerse en su relación, la prensa, que está malmetiendo constantemente, y las intrigas empresariales, Maddie acaba replanteándose si debería casarse o no. Las calles de Manhattan serán testigos de este fi nal de cuento de hadas moderno con un príncipe salvaje y arrogante que te enamorará.','2017-05-30',0,496,'INFANTILYJUVENIL','ROMANTICA',32,NULL),(185,'Todas las canciones de amor que aún suenan',44,'Una novela de amor intensa y adictiva que te llevará más allá de los límites. Por fin Maddie ha tomado la decisión que su sentido común le pedía a gritos y ha dejado al sexy y arrogante Ryan Riley. Lejos de aceptar la decisión de Maddie, Ryan no dejará de provocarla una y otra vez para hacerle entender que tienen que estar juntos. Ella se resistirá, tratará de mantenerse alejada de él, pero Ryan le demostrará quién sigue teniendo el control. ','2017-05-30',0,592,'INFANTILYJUVENIL','ROMANTICA',32,NULL),(186,'Todas las canciones de amor que suenan',44,'Una novela de amor intensa y adictiva que te llevará más allá de los límites. Cuando una huelga de metro hace que Maddie Parker llegue tarde a su entrevista de trabajo, no imagina cuántas cosas están a punto de cambiar. Entre ellas, conoce al atractivo, arrogante y exigente Ryan Riley, un empresario de éxito que le ofrece un empleo al que no podrá negarse. ','2017-05-30',0,720,'INFANTILYJUVENIL','ROMANTICA',32,NULL),(187,'Antes de Diciembre',13,'Una historia de amor y pasión con una cuenta atrás. Todo acabará Antes de diciembre...','2011-11-11',0,496,'INFANTILYJUVENIL','ROMANTICA',33,NULL),(188,'Después de Diciembre',13,'Todo cambiará... despues de diciembre. El tiempo es algo relativo. Para algunos pasa más rápido; para otros, no tanto... ','2022-11-02',0,432,'INFANTILYJUVENIL','ROMANTICA',33,NULL),(189,'Tres Meses',13,'La esperada tercera parte de la saga Meses a tu lado de Joana Marcús. Jack Ross no creía en el compromiso, y hasta ahora no le había ido mal.  La fantasía del amor verdadero, de ese cruce de miradas que te cambia la  vida por completo, no era más que un argumento sobreexplotado de las películas que más solía criticar. ','2023-03-09',0,384,'INFANTILYJUVENIL','ROMANTICA',33,NULL),(190,'A través de mi Ventana',45,'Raquel lleva toda la vida loca por Ares, su atractivo y misterioso  vecino. Lo observa sin ser vista desde su ventana y es que, muy a su  pesar, no han intercambiado ni una triste palabra. Lo que Raquel no sabe es que eso está a punto de cambiar...','2022-11-17',0,432,'INFANTILYJUVENIL','ROMANTICA',34,NULL),(191,'A través de la Lluvia',45,'Apolo Hidalgo está emocionado por enfrentarse a una nueva etapa de su  vida: la  universidad. Su sueño es estudiar psicología y ayudar a los  demás. Sin embargo, esa ilusión se rompe cuando es atacado y golpeado en  un callejón durante una noche lluviosa e, irónicamente, así es como la conoce a ella. A Rain.','2022-10-27',0,288,'INFANTILYJUVENIL','ROMANTICA',34,NULL),(192,'A través de Ti',45,'Nada es tan fácil y simple en la vida de alguien como yo. ¿Que se siente al vivir con tres chicos tan guapos? ... ','2021-09-23',0,336,'INFANTILYJUVENIL','ROMANTICA',34,NULL),(193,'Sigue mi Voz',45,'Hay amores que te dan la mano y te acompañan en los momentos más difíciles. Todos conocemos el amor pasional que te nubla la razón, el amor a  primera vista que te vacía el estómago y el amor platónico que te llena el corazón de fantasía y admiración. ','2022-07-21',0,336,'INFANTILYJUVENIL','ROMANTICA',NULL,NULL),(194,'Mi amor de Wattpad',45,'Jules es una adolescente introvertida a la que le gusta leer y navegar por internet. Un día en que acaba sus libros pendientes, se suscribe a Wattpad.com, una comunidad virtual de escritores y lectores. Es así como decide comenzar a escribir y subir sus cuentos para que otros los lean. Para su felicidad, la mayoría de comentarios son positivos, sin embargo, hay alguien que parece no disfrutar nada de sus historias pero que, paradójicamente, será quien le cambie la vida. ','2022-02-16',0,416,'INFANTILYJUVENIL','ROMANTICA',NULL,NULL),(195,'El Tiempo que Tuvimos',46,'Liam y Grace: una historia de amor y recuerdos imposible de olvidar. Un nuevo e imprescindible standalone de la mano de Cherry Chic...','2023-05-04',0,512,'INFANTILYJUVENIL','ROMANTICA',NULL,NULL),(196,'Todas mis Ilusiones',46,'Mar, pasión y romance del bueno junto a un chiringuito de la costa. Como el mejor verano de tu vida, no querrás que se acabe nunca...','2023-05-04',0,488,'INFANTILYJUVENIL','ROMANTICA',35,NULL),(197,'Todas mis Dudas',46,'La segunda parte de la serie Dunas, de Cherry Chic: como el mejor verano de tu vida, no querrás que se acabe.  ','2023-05-04',0,480,'INFANTILYJUVENIL','ROMANTICA',35,NULL),(198,'Todas mis Respuestas',46,'La nueva serie de Cherry Chic: como el mejor verano de tu vida, no querrás que se acabe.','2023-05-04',0,480,'INFANTILYJUVENIL','ROMANTICA',35,NULL),(199,'Hasta que nos quedemos son Estrellas',47,'«No tengo ni idea de lo que es el amor. Creo que nunca antes lo había sentido. Lo único que tengo claro es que, cada vez que pienso en eso, eres tú quien se me viene a la cabeza»','2023-01-18',0,576,'INFANTILYJUVENIL','ROMANTICA',NULL,NULL),(200,'Mi conquista tiene una lista',47,'«Pensaba que nunca conocería al chico perfecto. Hasta que llegaste tú.»Abril Lee tiene un secreto: ha escrito una lista con las condiciones que debe cumplir el chico que quiera salir con ella. Abril está segura de que nadie podrá completar todos los puntos, pero al inicio del nuevo curso conoce a Noah Carter, el atractivo bailarín que descubrirá su secreto y cambiará todo lo que Abril creía saber sobre el amor.','2022-11-14',0,384,'INFANTILYJUVENIL','ROMANTICA',NULL,NULL),(201,'Un Amigo Gratis',47,'«Cada persona tiene un tesoro, y tú eres el mío.» ','2022-11-07',0,432,'INFANTILYJUVENIL','ROMANTICA',NULL,NULL),(202,'El arte de ser Nosotros',47,'La vida no es justa, y eso Logan lo sabe muy bien. Después de una dolorosa pérdida, su corazón se ha vuelto hermético, frío e inquebrantable. Por eso no le importa que todos crean que es el malo de la historia...','2023-02-08',0,528,'INFANTILYJUVENIL','ROMANTICA',NULL,NULL),(203,'Cántame al oído',47,'Escribiría todas mis canciones sobre ti.  Holland es una de las chicas más populares e inteligentes del instituto y su vida parece perfecta. Alex es un chico tímido y solitario que ama la música, pero renunció a su pasión hace tiempo tras sufrir una trágica pérdida. Cuando ambos coinciden por casualidad en el cuarto del conserje, no saben que sus vidas están a punto de cambiar.  Acompañado de un variopinto y divertido grupo de amigos, Alex forma una banda de pop rock en la que cada miembro brilla con luz propia y con la que, junto a Holland, aprenderá que la música y la confianza en uno mismo pueden sanar incluso los corazones más rotos.   De la autora de Un amigo gratis y Mi conquista tiene una lista','2021-02-15',0,528,'INFANTILYJUVENIL','ROMANTICA',NULL,NULL),(204,'Dímelo Cantando',47,'Mi corazón todavía late al ritmo de tu voz.  Tras romper con su pasado, Holland comienza una nueva vida en la Universidad de Bellas Artes de Londres, pero su camino no tardará en cruzarse con el de sus viejos amigos, y, entre ellos, con el de su exnovio, Alex, que está pasando por una mala racha: no es capaz de componer ninguna canción y, por si fuera poco, la tensión en su grupo, 3 A.?M., está a flor de piel.   Además, Holland tiene que lidiar con las duras críticas de sus padres, que no aceptan que quiera hacer realidad sus sueños. Sin embargo, esta vez quiere ser valiente. Está decidida a tomar las riendas de su vida y volver a escuchar la música de su corazón.    De la autora de Un amigo gratis y Mi conquista tiene una lista','2021-11-08',0,392,'INFANTILYJUVENIL','ROMANTICA',NULL,NULL),(205,'El Loco de los Pajaros',42,'El Nueva York de la segunda mitad del xix empieza a ser la ciudad de los prodigios: en ebullición y atenta a todo lo que pasa en el mundo. Eugene Schieffelin, miembro de una familia recién llegada a la ciudad que ha hecho fortuna, se consagra a sus aficiones cultas y estrafalarias; una de las cuales entusiasma a la gente acomodada, la ornitología. En su círculo hay una célebre cronista social que se ha propuesto dar la vuelta al mundo, un inmigrante de origen asturiano que quiere seguirla, además de un grupo de amantes de Shakespeare, que se proponen introducir en América el estornino, sin sospechar que un siglo y medio más tarde se convertirá en un problema de dimensiones colosales.','2023-02-08',0,368,'FICCION','LITERARIA',NULL,NULL),(206,'El Regalo',39,'Y llegamos a un lugar que, aún a día de hoy, no sabría muy bien cómo definir. Quizá es ese sitio al que te trasladas cuando suena el timbre del recreo, o allí donde vamos al cerrar los ojos justo antes de soplar las velas, o el viento en el que flotamos al recibir uno de esos abrazos que nos sostienen el cuerpo, las dudas y los miedos...','2023-06-08',0,448,'FICCION','LITERARIA',NULL,NULL),(207,'Diferente',39,'Para mí una novela es como un regalo, si te dicen lo que hay dentro pierde toda la gracia. Por eso nunca me gusta contar de que van mis libros, por eso prácticamente nunca pongo nada en las contras de mis novelas. Lo bonito de una historia es que te metas en ella sin saber que te vas a encontrar','2023-03-30',0,392,'FICCION','LITERARIA',NULL,NULL),(208,'Cuando era divertido',39,'Querido lector, querida lectora, la novela que estás a punto de iniciar  es una historia incómoda, quizás la más incómoda que he escrito hasta la fecha. Una historia que solo se entiende a partir de cierta edad o de un  determinado momento de la vida. Por eso hemos decidido indicarlo... ','2022-11-17',0,304,'FICCION','LITERARIA',NULL,NULL),(209,'Tierra',39,'El problema de buscar la verdad es encontrarla y no saber que hacer con ella... Tienes en tus manos una novela que plantea preguntas difíciles de  responder; una novela que habla sobre esas verdades que, a pesar de  buscar, preferiríamos no encontrar. No puedo explicarte de que trata  este libro porque eso rompería su magia, pero te aseguro que, cuando acabes de leerlo, verás el mundo de forma distinta.Tienes en tus manos una novela que plantea preguntas difíciles de  responder; una novela que habla sobre esas verdades que, a pesar de  buscar, preferiríamos no encontrar. No puedo explicarte de que trata  este libro porque eso rompería su magia, pero te aseguro que, cuando acabes de leerlo, verás el mundo de forma distinta. ','2021-05-06',0,544,'FICCION','LITERARIA',NULL,NULL),(210,'Lo que encontré bajo el sofá',39,'Con el tiempo he comprendido que la gente cambia; no somos los mismos de hace tantos años; todo cambia. ','2021-10-07',0,416,'FICCION','LITERARIA',NULL,NULL),(211,'Cuentos para entender el mundo',39,'Durante estos años los lectores me habeis dado tanto que me sentía en  deuda con vosotros. Por eso he decidido yo tambien entregaros una parte  de mí. Estos textos que os traigo han modelado de alguna manera mi forma  de ser. Son pequeños cuentos, ya casi perdidos, de grandes autores que  he decidido adaptar a los tiempos que corren. He modificado personajes, situaciones, el lenguaje... pero la esencia sigue siendo la misma: esa que nos ayuda a entender el mundo','2021-06-03',0,208,'FICCION','LITERARIA',NULL,NULL),(212,'El Bolígrafo de gel verde',39,'¿Puede alguien vivir en 445 m2 durante el resto de su vida? Esta es la historia de un hombre que fue capaz de hacer realidad lo que  por las noches imaginaba bajo las sábanas: empezar todo de nuevo. Lo  hizo, pero pagó un precio demasiado alto. No obstante, si de verdad  quieres saber cuál es el argumento de esta novela, mira tu muñeca izquierda: ahí está todo. ','2017-10-18',0,368,'FICCION','LITERARIA',NULL,NULL),(213,'Las dos vidas de Mina Índigo',48,'Mina Índigo es la médium más solicitada de Barcelona. En su palacete del céntrico Pasaje de Permanyer organiza sesiones espiritistas para ricas damas de la alta sociedad, pero, en realidad, es una experta investigadora que usa sus contactos para obtener información comprometedora de sus clientes...','2023-05-10',0,672,'FICCION','LITERARIA',NULL,NULL),(214,'Hasta donde termian el Mar',48,'1901. En el idílico pueblo vasco de Ea, Dylan y Ulises Morgan contemplan enel horizonte cómo se hunde el Annabelle, el vapor de su abuelo, tras la terrible tempestad de la noche anterior. Después, el cuerpo de una joven aparece flotando en la orilla. Extrañamente, es idéntica a otra muchacha des­aparecida muchos años atrás, Cora Amara, la hija menor de la dueña de la funeraria del pueblo. Cora no es la única joven a la que nunca más se volvió a ver: varias mujeres de los pequeños pueblos de alrededor llevan años perdidas. Nunca han encontrado los cuerpos, pero la marea arrastra a la costa una corona de lirios blancos cada vez que sucede.','2022-10-11',0,512,'FICCION','LITERARIA',NULL,NULL),(215,'Las Hijas de la Tierra',48,'Una tierra maldita. Una mujer dispuesta a luchar por el poder.  Un gran misterio que debe salir a la luz...','2021-04-08',0,568,'FICCION','LITERARIA',NULL,NULL),(216,'El Bosque sabe tu Nombre',48,'Una novela de amores, celos y venganzas, que envuelve al lector con la fuerza de las grandes sagas familiares de la literatura. Un secreto oculto en lo más profundo del bosque. Una mansión azotada por las olas. Dos hermanas enfrentadas. Un linaje de mujeres con un don extraordinario.','2021-04-08',0,632,'FICCION','LITERARIA',NULL,NULL),(217,'Bailar en el Desierto',49,'Barcelona, 2013. Juan es el último heredero del legado de los Arnau. Durante varias generaciones, se han esforzado para mantener vivo el sueño de su tatarabuelo. Por sus manos han pasado cafés, cines, casinos y salones de baile que han convertido Fraga en un conocido destino de la vanguardia del ocio y del espectáculo. Sin embargo, cuando un empresario estadounidense le ofrece una generosa cantidad de dinero para comprar el famoso festival de música electrónica de los Monegros, no le resultará nada fácil tomar una decisión.','2023-05-11',0,392,'FICCION','LITERARIA',NULL,NULL),(218,'Que bien me haces cuando me haces bien',50,'No esperaba nada y lo encontré todo.','2023-03-02',0,240,'FICCION','LITERARIA',NULL,NULL),(219,'Estaba preparado para todo menos para ti',50,'Siempre he creído que las palabras son necesarias para sanarte. En este  libro he intentado depositar toda mi experiencia y lo que he aprendido  de mucha gente que ha decidido contarme su sabiduría: los secretos y la  energía que se desprende de los amarillos con los que he coincidido en mi vida.','2023-02-16',0,272,'FICCION','LITERARIA',NULL,NULL),(220,'El mundo Amarillo',50,'El mundo amarillo es un mundo fantástico que quiero compartir  contigo. Es el mundo de los descubrimientos que hice durante los diez  años que estuve enfermo de cáncer. Es curioso, pero la fuerza, la  vitalidad y los hallazgos que haces cuando estás enfermo sirven también cuando estás bien, en el día a día...','2009-03-06',0,176,'FICCION','LITERARIA',NULL,NULL),(221,'Si nos enseñaran a perder, ganaríamos siempre',50,'Este libro entronca con ese increíble verso: \"Al lugar donde has sido  feliz no debieras tratar de volver\". Es una de las verdades más grandes  que existe y perder ese lugar jamás es triste porque siempre llegarán otros diferentes y mejores.','2022-05-19',0,248,'FICCION','LITERARIA',NULL,NULL),(222,'Finales que merecen una Historia',50,'Me encantan los relatos, las historias pequeñas de tres a ocho páginas,  que te hacen pensar, reír, llorar o emocionarte. Un buen relato puede  alegrarte un mal día porque las historias pequeñas en ocasiones resumen  un gran sentimiento que reside en nuestro interior y que se convierte en nuestra mejor medicina...','2020-03-05',0,216,'FICCION','LITERARIA',NULL,NULL),(223,'Los secretos que jamás te contaron',50,'Cuando nacemos, nadie nos proporciona un manual para aprender a vivir,  ni instrucciones para ser feliz. Y, sin embargo, encontrar la felicidad  no es tan difícil. En realidad, existen unos secretos para vivir en este  mundo que quizá nadie se haya tomado la molestia de explicarte. Por eso  Albert Espinosa ha querido compartir contigo en este libro los suyos,  los que ha ido descubriendo a lo largo de su vida, aquellos que le hacen  sentirse vivo, los que le han servido y todo lo que ha aprendido a lo largo de su extraordinario  recorrido.','2018-06-14',0,384,'FICCION','LITERARIA',NULL,NULL),(224,'Lo que te diré cuando te vuelva a ver',50,'Lo que te dire cuando te vuelva a ver, la quinta novela de Albert Espinosa, nos introduce de nuevo en su particular mundo, a traves de una narración trepidante, cargada de emoción y vida.','2019-02-07',0,264,'FICCION','LITERARIA',NULL,NULL),(225,'Lo mejor de ir es volver',50,'Albert Espinosa vuelve con una bella historia sobre los recuerdos, el  perdón y el amor que transcurre el 23 de abril, el día del libro y las  rosas, entre la ciudad de Barcelona y las islas de Ischia y Menorca.','2021-02-04',0,240,'FICCION','LITERARIA',NULL,NULL),(226,'Si tu me dices ven lo dejo todo pero dime ven',50,'Dedicada a todos los que siguen queriendo ser diferentes y luchan  contra aquellos que desean que seamos iguales...','2013-03-07',0,208,'FICCION','LITERARIA',NULL,NULL),(227,'El mundo Azul. Ama tu Caos',50,'El caos es lo que te hace diferente. Lo que la gente no entiende de ti o lo que desea que cambies. Pero el caos es parte de uno, por ello, cuando alguien no te entienda dile: Amo mi caos.','2016-03-03',0,216,'FICCION','LITERARIA',NULL,NULL),(228,'Padre, el último Mono',51,'Capítulos tan útiles como: • Bienvenido a la secta • Enhorabuena. Está a punto de adquirir un producto líder • Compruebe que el producto está en perfecto estado • Instalación del producto en su casa • Complementos necesarios para el producto • Uso correcto de los otros miembros de la familia • Cargado de baterías y suministro de combustible • Habilidades básicas del producto adquirido.','2013-02-12',0,224,'FICCION','HUMOR',NULL,NULL),(229,'En ocasiones veo pelis',51,'75 monólogos de la mano de Berto, con su inconfundible ingenio y sentido del humor, y con el mundo del cine como telón de fondo. Un compendio de todo lo que no necesitabas saber sobre el universo cinematográfico, ¡por fin en tus manos! ¿Por qué Hulk no viste ropa superelástica al transformarse?, o muy ancha, rollo rapero? ¡Lo que se ahorraría en camisetas! ¿O por qué Spiderman tiene todos los poderes de una araña menos el de comer moscas? Casablanca, El Padrino, Matrix, Pretty Woman, Titanic, El señor de los anillos, Harry Potter, Voldemort y otras chicas del montón...? Ningún gran clásico escapa al ingenio de Berto Romero. ¿Te lo vas a perder?Basado en el programa «MovieBerto» de Paramount Channel.','2015-04-07',0,224,'FICCION','HUMOR',NULL,NULL),(230,'Y libranos del mal humor, amñen',52,'¿Y por la noche qué harás? Antes de que naciera «La Parroquia del Monaguillo» esta pregunta tenía varias posibles respuestas...','2009-10-27',0,28,'FICCION','HUMOR',NULL,NULL),(231,'Padre nuestro que estás en el sofá',52,'Tras los éxitos de ¿Para qué sirve un cuñao? y ¡Viva la madre que me parió!, entre otros, La Parroquia de «El Monaguillo » continúa con la saga familiar, centrándose esta vez en la figura del padre. Ilustrado con dibujos de Agustín Jiménez, el libro cuenta con mucho humor e ironía de qué manera influyen los padres en nuestras vidas, además de hacer un repaso a todas las tipologías de padres: el autoritario, el amigo, el cachondo, etc.','2014-09-18',0,216,'FICCION','HUMOR',NULL,NULL),(232,'Viva la madre que me parió',52,'¿Por qué una madre piensa que no hay herida, por grave que sea, que no se cure con su propia saliva?¿Por qué un ser que te quiere tanto puede llegar a decir una frase tan cruel como: “Llora, llora, que menos mearás?¿Cómo una madre sabe ver el futuro y si te dice: “bájate de ahí, que te vas a caer”, seguro que te caes?¿Y por qué cuando te caes, en lugar de consolarte te da dos azotes a pesar de que le estás dando la razón?','2013-09-10',0,160,'FICCION','HUMOR',NULL,NULL),(233,'Enhorabuena por tu fracaso',52,'Enhorabuena por tu fracaso es un desnudo integral de Arturo  González-Campos, lo que no sabemos si dice mucho a su favor. Una oda a  lo genuino y una invitación a que te atrevas a persistir en lo que te  apasiona; a fracasar y fracasar y volver a intentarlo para, con toda  probabilidad, seguir aprendiendo a fracasar. Este es un relato (¿o unas  memorias?) sobre esos fracasos que, sólo a veces, se convierten en  éxitos y que han permanecido en la mente de Arturo González-Campos  durante toda su vida. Listas de canciones, de películas, de libros,  pequeñas historias personales que se hacen universales y anécdotas  amargamente tristes que te matarán de risa. Todo eso y mucho más podrás  encontrar en esta «artubiografía de las cosas» que es una puta locura.','2022-06-09',0,224,'FICCION','HUMOR',NULL,NULL),(234,'Entre el Ibuprofeno',53,'¿Cuál es el colmo de una enfermera? Ponerse enferma. Y si esto sucede en sus días libres, es todavía peor porque no puede automedicarse y tiene que ir a su centro de salud a por recetas....','2020-05-28',0,136,'FICCION','HUMOR',NULL,NULL),(235,'El silencio de los goteros',53,'Son las nueve de la mañana y Satu regresa a su apartamento en la calle del Pez tras un infernal turno de noche en el hospital. Dicen que no hay noche buena, pero esta ha sido especialmente mala. Tanto que, al llegar, no sabe si desayunar o cenar, si ponerse la crema de día o la de noche, o si su melatonina está a punto de hacer las maletas y buscar otro cuerpo con horarios normales...','2019-10-10',0,128,'FICCION','HUMOR',NULL,NULL),(236,'El paciente siempre llama dos veces',53,'Queridas Nightingales: Nos ha tocado vivir la profesión más bonita del mundo, esa que nos hace dar más vueltas que un vendaje compresivo, esa que una ejerce las 24 horas, sobre todo cuando tus amigas tienen su primer hijo o cuando tu prima quiere saber si puede mezclar antibióticos y alcohol. Os presento mis nuevas aventuras como enfermera eventual en Madrid...','2018-10-18',0,128,'FICCION','HUMOR',NULL,NULL),(237,'Monólogos de la Vagina',54,'Me preocupan las vaginas. Me preocupaba lo que pensamos sobre las  vaginas, y lo que no pensamos acerca de ellas... De modo que decidí  hablar a las mujeres acerca de sus vaginas, entrevistar a la vagina, y así comenzaron los monólogos de la vagina...','2018-02-15',0,288,'FICCION','HUMOR',NULL,NULL),(238,'La Rompebodas',55,'Me llamo Cassey, aunque mis amigos suelen llamarme Crash. El motivo  Porque soy rompebodas profesional. Si he aprendido algo después de veintiseis años al lado de mi madre es que, en el fondo, todo es cuestión de interés. Tengo una innovadora empresa en auge, dedicada a atrapar a los cazafortunas más escurridizos. Para ello cuento con un equipo de tentadores dispuestos a hacerlos caer. Nuestro lema es simple:\"Con su belleza y mi cabeza, conservamos tu riqueza\". Tengo un nuevo y suculento encargo, acabar con el braguetazo del año. Toca arremangarse y bajar al barro para borrar ese bonito par de hoyuelos del apuesto rostro de Jayden King y patear su culo bien lejos del altar. Palabra de rompebodas.','2023-02-09',0,538,'FICCION','HUMOR',NULL,NULL),(239,'El Ángel de la Ciudad',56,'En una Venecia rodeada de misterio, el inspector Kraken se enfrenta a la encrucijada más compleja de su vida: resolver el pasado o apostar por el futuro...','2023-03-29',0,384,'FICCION','NEGRA',36,NULL),(240,'El Libro Negro de las horas',56,'Me llamo Unai. Me llaman Kraken. Aquí termina tu caza, aquí comienza la mía.¿Y si tu madre fuera la mejor falsificadora de libros antiguos de la historia?  ...','2022-02-02',0,384,'FICCION','NEGRA',36,NULL),(241,'Dentro de casa',57,'¿Qué sabes realmente de tu familia? En una majestuosa casa del elegante barrio de Chelsea, la policía encuentra a una bebé en su cuna. Bien alimentada, cuidada y feliz, espera a que la cojan en brazos. En la cocina de esa misma casa hay tres cadáveres en estado de descomposición. Junto a ellos, una nota escrita con urgencia... ','2023-03-15',0,368,'FICCION','NEGRA',NULL,NULL),(242,'Los muertos también gritan',58,'En el fin de la tierra conocida, allí donde la bruma del mar esconde pueblos enteros y los muertos descansan en cementerios que miran al océano Atlántico, aparece el cadáver de un yonqui en una noche de invierno. Pese a que los indicios recogidos por el forense apuntan a un asesinato, el caso no se investiga...','2023-03-29',0,336,'FICCION','NEGRA',NULL,NULL),(243,'Los Perseguidos',59,'Una periodista que busca la verdad. Un expresidiario que quiere redención. Un mafioso que no teme perderlo todo. Algo está a punto de volar por los aires.','2023-04-12',0,688,'FICCION','NEGRA',NULL,NULL),(244,'Nunca fuimos Héroes',59,'Gabo es un expolicía que ha dedicado toda su carrera a la lucha contra el terrorismo. Harri es un terrorista que lleva veinte años huido en Colombia. Cuando la Policía descubre que Harri ha vuelto a Madrid, Gabo acabará viéndose arrastrado a una angustiosa investigación extraoficial, junto a una joven inspectora de Estupefacientes, en la que se cruzará con guerrilleros colombianos, narcotraficantes y yihadistas. El expolicía establecerá una perturbadora relación con el terrorista que le obligará a resucitar fantasmas del pasado: la frustración de los atentados, la tensión de las operaciones policiales, los años de la guerra sucia, los compañeros que quedaron en el camino, el amor perdido?','2021-02-17',0,416,'FICCION','NEGRA',NULL,NULL),(245,'Las Cenizas de la Inociencia',59,'Los hombres que dirigen las redes de negocios ilegales se reúnen cada  noche en el Dixie, un discreto club de jazz donde cierran los tratos y  planean sus crímenes entre cócteles, música y hermosas mujeres. Allí  trabaja como camarero Emilio, un adolescente ansioso por vivir  aventuras, que entrará por casualidad en este mundo clandestino al  entablar amistad con Nico, un joven y ambicioso contrabandista. Juntos  disfrutarán de una vida que les permitirá superar la penuria que les  rodea hasta que se ven obligados a enfrentarse a dramáticas decisiones que cambiarán su destino para siempre.','2019-01-17',0,320,'FICCION','NEGRA',NULL,NULL),(246,'Amigo Imaginario',40,'Kate es una madre soltera que está huyendo de una relación conflictiva. Dispuesta a empezar de cero, se instala junto a su hijo Christopher en Mill Grove, una pequeña y unida comunidad alejada del resto del mundo. A primera vista, un escondite perfecto. Pero al poco tiempo de instalarse, Christopher desaparece durante seis largos días de búsquedas interminables hasta que lo encuentran en el bosque a las afueras del pueblo. No está herido, pero algo ha cambiado en su interior. Una voz en su cabeza le encarga una misión que sólo él puede llevar a cabo con éxito: debe construir una casa en un árbol del bosque o algo terrible les sucederá a su madre y a todos los habitantes de Mill Grove.','2021-02-17',0,816,'FICCION','NEGRA',NULL,NULL),(247,'La Chica de Nieve',60,'Nueva York, 1998, cabalgata de Acción de Gracias. Kiera Templeton, desaparece entre la multitud. Tras una búsqueda frenética por toda la ciudad, alguien encuentra unos mechones de pelo junto a la ropa que llevaba puesta la pequeña.','2022-02-24',0,512,'FICCION','NEGRA',37,NULL),(248,'El Juego dle Alma',60,'Miren Triggs y Jim Schmoer, su antiguo profesor de periodismo, seguirán la pista de la chica de la imagen mientras investigan la crucifixión de Nueva York. Así se adentrarán en una institución religiosa en la que todo son secretos y en un enigma único lleno de suspense en el que deberán descifrar tres preguntas de respuesta imposible: ¿qué le sucedió a Gina?, ¿quién envía la polaroid? y, la más importante; ¿están conectadas ambas historias?','2023-01-03',0,536,'FICCION','NEGRA',37,NULL),(249,'El día que se perdió la Cordura',60,'Centro de Boston, 24 de diciembre, un hombre camina desnudo con la  cabeza decapitada de una joven. El doctor Jenkins, director del centro  psiquiátrico de la ciudad, y Stella Hyden, agente de perfiles del FBI,  se adentrarán en una investigación que pondrá en juego  sus vidas, su  concepción de la cordura y que los llevará hasta unos sucesos fortuitos  ocurridos en el misterioso pueblo de Salt Lake diecisiete años atrás.','2019-05-09',0,456,'FICCION','NEGRA',38,NULL),(250,'El día que se perdió el Amor',60,'A las doce de la mañana del 14 de diciembre, una joven llena de  magulladuras se presenta desnuda en las instalaciones del FBI de Nueva  York con varias notas amarillentas en la mano. El inspector Bowring,  jefe de la Unidad de Criminología, intentará descubrir qué oculta la  joven y su conexión con otro caso, el de una mujer que aparece  decapitada horas más tarde y cuyo nombre coincide con el que estaba  escrito en una de las notas. A medida que avance en la investigación se  dará cuenta de que este caso abre antiguas heridas difíciles de cicatrizar.','2019-05-09',0,432,'FICCION','NEGRA',38,NULL),(251,'Todo lo que sucedió con Miranda Huff',60,'Una pareja en crisis decide pasar un fin de semana de retiro en una  cabaña en el bosque en Hidden Springs, pero cuando Ryan Huff llega para encontrarse con Miranda la puerta está abierta, hay dos copas de vino sobre la mesa, nadie en el interior y el cuarto de baño se encuentra lleno de sangre.','2021-02-14',0,448,'FICCION','NEGRA',NULL,NULL),(252,'Sobre Hormigas y Dinosaurios',61,'La inteligencia es un destello fugaz en la larga noche de la historia  cósmica. Que pueblen la tierra no una sino dos especies inteligentes al  mismo tiempo pone en cuestión cualquier cálculo de probabilidades. El  hecho de que esas dos especies, tan distintas como complementarias,  forjen una alianza que a su vez enciende una civilización desafía toda lógica...','2022-03-17',0,224,'FICCION','CIENCIAFICCION',NULL,NULL),(253,'La Tierra Errante',61,'El sol se está muriendo, y la Tierra, consumida por los últimos suspiros de esta estrella, también desaparecerá. Pero la humanidad, en lugar de abandonar el planeta, construye doce mil grandiosos motores de fusión para desorbitar la Tierra y propulsarla hacia Próxima Centauri en un viaje que durará siglos...','2019-01-01',0,400,'FICCION','CIENCIAFICCION',NULL,NULL),(254,'El Problema de los Tres Cuerpos',61,'El problema de los tres cuerpos es la primera novela no  escrita originariamente en inglés galardonada con el premio Hugo, el Nobel del género de la ciencia ficción. El público y la crítica de los cinco continentes se rinden ante esta  obra maestra, enormemente visionaria, sobre el papel de la ciencia en  nuestras sociedades, que nos ayuda a comprender el pasado y el futuro de  China, pero también, leída en clave geopolítica, del mundo en que vivimos... ','2016-09-28',0,416,'FICCION','CIENCIAFICCION',39,NULL),(255,'El Bosque Oscuro',61,'La esperada continuación de El Problema de los Tres Cuerpos. Ahora la Tierra tiene cuatro siglos para defenderse de lo inevitable: la  llegada de los Trisolaris. Los colaboracionistas humanos pueden haber  sido derrotados, pero los sofones permiten a los extraterrestres acceder  a la información de la humanidad, dejando al descubierto toda estrategia de defensa...','2017-09-20',0,576,'FICCION','CIENCIAFICCION',39,NULL),(256,'El Fin de la Muerte',61,'Tras El problema de los tres cuerpos y El bosque oscuro, la tensa espera de la humanidad concluye ahora con un último episodio, tan extraordinario como los anteriores, lleno de ideas electrizantes y una calidad de obra maestra. Ha pasado medio siglo de la batalla del Día del Juicio Final y la Tierra goza de una prosperidad sin precedentes gracias al conocimiento transferido por Trisolaris. Mientras la ciencia humana avance y los trisolarianos adopten la cultura terrícola, ambas civilizaciones podrán convivir sin temor a ser destruidas. Pero con la paz la humanidad se ha vuelto autocomplaciente. Después de una larga hibernación, Cheng Xin, una ingeniera aeroespacial de comienzos del siglo XX, despierta en esta nueva era. Su mera presencia, sumada a cierta información sobre un proyecto olvidado desde el principio de la Crisis Trisolariana, podría alterar el frágil equilibrio entre ambos mundos... ¿Alcanzará el ser humano las estrellas, o morirá en su cuna? ','2018-03-15',0,736,'FICCION','CIENCIAFICCION',39,NULL),(257,'2312',62,'Corre el año 2312. Los avances científicos y tecnológicos han abierto una puerta a un futuro extraordinario. La Tierra ya no es el único hogar de la humanidad: lunas y planetas de todo el sistema solar se han convertido en nuevos hábitats. Pero durante este año, 2312, una serie de sucesos forzará a la humanidad a afrontar su pasado, su presente y su futuro. El primero de estos sucesos se produce en Mercurio, en la ciudad de Terminador, lugar que supone un prodigio sin precedentes de la ingeniería. Una muerte inesperada transforma la vida de Cisne Er Hong. Y Cisne, que en el pasado se dedicaba al diseño de nuevos mundos, se verá arrastrada a una intriga que tiene por objeto destruirlos...','2013-06-18',0,528,'FICCION','CIENCIAFICCION',NULL,NULL),(258,'Marte Rojo',62,'Siglo XXI. Durante eones, las tormentas de arena han barrido el estéril y desolado paisaje del planeta rojo. Ahora, en el año 2026, cien colonos, cincuenta mujeres y cincuenta hombres, viajan a Marte para dominar ese clima hostil. Tienen como misión la terraformación de Marte, y como lema «si el hombre no se puede adaptar a Marte, hay que adaptar Marte al hombre».','2020-10-15',0,624,'FICCION','CIENCIAFICCION',NULL,NULL),(259,'Marte Verde',62,'Ha pasado casi una generación desde la llegada de los Primeros Cien. Tras la violenta y fracasada revolución de 2061, el Marte rojo ha desaparecido. Meteoritos de hielo bombardean la atmósfera para hacerla más húmeda; en el desierto se siembran plantas transgénicas, los cráteres se transforman en praderas y el hielo de los polos en lagos helados.','2021-02-20',0,720,'FICCION','CIENCIAFICCION',NULL,NULL),(260,'Chamán',62,'Una historia conmovedora sobre el viaje de un joven hacia la edad adulta. Una inspiradora visión sobre cómo vivíamos hace treinta mil años. Chamánes una novela ambientada en la Edad de Hielo. En ella Robinson viaja por primera vez al pasado, pero las claves de su obra siguen siendo las mismas: la supervivencia de la humanidad.','2017-02-28',0,480,'FICCION','CIENCIAFICCION',NULL,NULL),(261,'El Ministerio del Futuro',62,'El Ministerio del Futuro es una obra maestra de la imaginación. Narra a través de testimonios ficticios cómo nos afectará a todos el cambio climático. Su visión no es la de un mundo desolado y apocalíptico, sino la de un futuro que ya se nos echa encima…y cuyos desafíos tal vez consigamos superar por los pelos.','2021-06-23',0,576,'FICCION','CIENCIAFICCION',NULL,NULL),(262,'Trilogía de la Fundación',63,'El hombre se ha dispersado por toda la galaxia. La capital del Imperio  es Trántor, nido de intrigas y corrupción. Gracias a su ciencia, fundada  en el estudio matemático de los hechos históricos y el comportamiento de  las masas, el psicohistoriador Hari Seldon prevé la caída del Imperio y  el retorno a la barbarie durante varios milenios. A fin de reducir este  período de barbarie a mil años, Seldon decide crear una Fundación en un extremo de la galaxia...','2010-07-02',0,904,'FICCION','CIENCIAFICCION',NULL,NULL),(263,'Yo, Robot',63,'Publicada por primera vez en 1950, cuando la electrónica digital estaba en su infancia, Yo, robot resultó ciertamente visionaria y tendría una influencia enorme no sólo en toda la ciencia ficción posterior, sino incluso en la propia ciencia de la robótica. Aquí formuló Issac Asomov por primera vez las tres leyes fundamentales de la robótica, de las que se valdría para plantear interrogantes que se adentran en el campo de la ética y de la psicología: ¿ qué diferencia hay entre un robot inteligente y un ser humano?, ¿puede el creador de un robot predecir su comportamiento? , ¿ debe la lógica determinar lo que es mejor para la humanidad? A través de una serie de historias conectadas entre sí por el personaje de la robopsicóloga Susan Calvin, en las que aparecen todo tipo de máquinas inteligentes -  robots que leen el pensamiento, robots que se vuelven locos, robots con sentido del humor o robots políticos-, Asimov inventa unos robots cada vez más perfectos, que llegan a convertirse en un desafío para sus creadores.','2009-06-01',0,328,'FICCION','CIENCIAFICCION',NULL,NULL),(264,'El fin de la Eternidad',63,'Siglo XXVII. La Eternidad domina el mundo. Formada por las mentes más brillantes de cada época, se trata de una organización que envía a sus integrantes a viajar en el tiempo. Su objetivo es alterar la historia de la humanidad para protegerla de cualquier catástrofe. En este contexto, un grupo de privilegiados ha adquirido la condición de ser eterno. Uno de ellos es Andrew Harlan, uno de los técnicos más eficaces y excelentes del proyecto, que a su vez es la mano derecha de Twissell, el jefe de la Eternidad. Twissell se encarga de calcular los cambios que hay que hacer y de sus posibles consecuencias. Pero todos sus planes peligran cuando, en una misión al futuro, Harlan se enamora perdidamente de Noys Lambent, una secretaria no eterna. ¿Será capaz de destruir la Eternidad solo por quedarse con ella?','2022-05-01',0,320,'FICCION','CIENCIAFICCION',NULL,NULL),(265,'El Imperio Final',64,'El imperio final inicia la saga «Nacidos de la Bruma  [Mistborn]», obra imprescindible del Cosmere, el universo destinado a  dar forma a la serie más extensa y fascinante jamás escrita en el ámbito de la fantasía épica. Durante mil años han caído cenizas del cielo. Durante mil años nada ha  florecido. Durante mil años los skaa han sido esclavizados y viven en la  miseria, sumidos en un miedo inevitable. Durante mil años el Lord  Legislador ha reinado con poder absoluto, dominando gracias al terror, a  sus poderes y a su inmortalidad, ayudado por «obligadores» e «inquisidores», junto a la poderosa magia de la alomancia... ','2021-06-11',0,680,'FICCION','CIENCIAFICCION',40,NULL),(266,'El Pozo de la Ascensión',64,'El Pozo de la Ascensión es el segundo volumen de la saga  «Nacidos de la Bruma [Mistborn]», una obra iniciada conEl imperio final y  parte imprescindible del Cosmere, el universo destinado a  dar forma a la serie más extensa y fascinante jamás escrita en el ámbito de la fantasía épica. Durante mil años nada ha cambiado: han caído las cenizas, los skaa han  sido esclavizados y el Lord Legislador ha dominado el mundo. Pero lo  imposible ha sucedido. El Lord Legislador ha muerto. Sin embargo, vencer  y matarlo fue la parte sencilla. El verdadero desafío será sobrevivir a las consecuencias de su caída... ','2021-06-11',0,784,'FICCION','CIENCIAFICCION',40,NULL),(267,'El Héroe de las Eras',64,'El Héroe de las Eras es el tercer volumen de la saga «Nacidos  de la Bruma (Mistborn)». Una obra iniciada conEl imperio final y parte imprescindible del Cosmere, el universo destinado a dar forma a la serie más extensa y fascinante jamás escrita  en el ámbito de la fantasía épica. Durante mil años nada ha cambiado: han caído las cenizas, los skaa han  sido esclavizados y el Lord Legislador ha dominado el mundo. Kelsier, el  «superviviente», el único que ha logrado huir de los Pozos de Hathsin,  junto a Vin, una pobre chica skaa, se une a la rebelión. Y por fin lo  imposible sucede: por fin la revolución ha triunfado. Pero acabar con el  Lord Legislador es la parte sencilla. El verdadero desafío consistirá en  sobrevivir a las consecuencias de su caída... sin Kelsier... ','2021-06-11',0,760,'FICCION','CIENCIAFICCION',40,NULL),(268,'El Metal Perdido',64,'El metal perdido es el séptimo libro de Nacidos de la  Bruma (Mistborn), la saga de fantasía épica que ha conquistado el mundo  y parte imprescindible del Cosmere, el universo destinado a convertirse  en la serie más extensa y fascinante jamás escrita en cualquier género.','2022-11-17',0,640,'FICCION','CIENCIAFICCION',40,NULL),(269,'Brazales de Duelo',64,'Brazales de Duelo es el sexto libro de la saga «Nacidos de la Bruma [Mistborn]», una obra iniciada conEl imperio final y parte imprescindible del Cosmere, el universo destinado a convertirse en la serie más extensa y fascinante jamás escrita en el ámbito de la fantasía épica. La cuenca de Elendel es un polvorín. El descontento de los trabajadores se suma a las diferencias irreconciliables entre la capital y las demás ciudades de la cuenca; Elendel asegura gobernarlas mientras sus habitantes denuncian la opresión a la que se sienten sometidos. De pronto, llega a oídos de Waxillium Ladrian que un académico kandra podría haber localizado los legendarios Brazales de Duelo, un arma capaz de sembrar la destrucción y dar al traste con el actual equilibrio de poder imperante en la cuenca... ','2019-05-16',0,512,'FICCION','CIENCIAFICCION',40,NULL),(270,'Aleación de Ley',64,'Aleación de ley es la secuela de la primera trilogía de la saga  «Nacidos de la Bruma [Mistborn]», una obra iniciada conEl imperio final y parte imprescindible del Cosmere, el universo destinado a dar  forma a la serie más extensa y fascinante jamás escrita en el ámbito de la fantasía épica. Han pasado trescientos años desde los acontecimientos narrados en la  primera trilogía de la saga, y Scadrial se encuentra ahora cerca de la  modernidad: ferrocarriles, canales, iluminación eléctrica y los primeros  rascacielos invaden el planeta. Aunque la ciencia y la tecnología están  alcanzando nuevos retos, la antigua magia de la alomancia continúa  desempeñando un papel fundamental. En una zona conocida como los Áridos,  existen herramientas cruciales para aquellos hombres y mujeres que  intentan establecer el orden y la justicia. Uno de estos hombres es Lord  Waxillium Ladrian, experto en metales y en el uso de la alomancia y la feruquimia...','2016-10-19',0,352,'FICCION','CIENCIAFICCION',40,NULL),(271,'Sombras de Identidad',64,'Sombras de identidad es el quinto libro de la saga «Nacidos de  la Bruma [Mistborn]», una obra iniciada conEl imperio final y  parte imprescindible del Cosmere, el universo destinado a convertirse en  la serie más extensa y fascinante jamás escrita en el ámbito de la fantasía épica. La sociedad de Nacidos de la Bruma ha evolucionado en una fusión de  magia y tecnología en la que la economía se expande, la democracia se  enfrenta a la corrupción y la religión se convierte en una potencia  cultural cada vez más influyente, con cuatro fes distintas enfrentadas por la captación de conversos...','2016-10-26',0,440,'FICCION','CIENCIAFICCION',40,NULL),(272,'Legión: Las Múltiples vidas de Stephen Leeds',64,'Brandon Sanderson recopila en este libro las novelas cortas  protagonizadas por Stephen Leeds, una interesantísima mezcla de ciencia  ficción y suspense que incluye dos historias inéditas en castellano hasta la fecha. Stephen Leeds es un genio perfectamente cuerdo con alucinaciones  alocadas. Es capaz de aprender cualquier nueva habilidad en cuestión de  horas, pero para ello su mente necesita crear personas imaginarias a las  que él llama \"aspectos\". Allá adonde va, se le une un equipo de expertos imaginarios que él usa para resolver problemas... ','2019-11-14',0,352,'FICCION','CIENCIAFICCION',NULL,NULL),(273,'Elantris',64,'Bienvenidos a la ciudad de Elantris, la poderosa y bella capital de Arelon llamada «la ciudad de los dioses».Antaño famosa sede de   inmortales, lugar repleto de poderosa magia, Elantris ha caído en desgracia. Ahora solo acoge a los nuevos «muertos en vida», postrados en una insufrible «no-vida» tras una misteriosa y terrible  transformación...','2016-04-13',0,800,'FICCION','CIENCIAFICCION',NULL,NULL),(274,'El Aliento de los Dioses',64,'El aliento de los dioses oWarbreaker, segunda novela de Brandon Sanderson, es unarara avis en la fantasía épica: una  narración completa en un único volumen, con toda la imaginación, la  aventura, la  magia y los entrañables personajes a los que este autor,  destinado a heredar el trono de todo un género, nos tiene acostumbrados.','2019-06-13',0,720,'FICCION','FANTASIA',NULL,NULL),(275,'Arcanum Ilimitado',64,'La esperada antología de relatos y novelas cortas del Cosmere, el  universo que Brandon Sanderson convertirá en la saga fantástica más extensa e impresionante jamás escrita. Ahora este espectacular volumen recopila, por primera vez, nueve relatos  y novelas cortas representativos de cada uno de esos mundos, con sus  distintos sistemas de magia. La colección del Cosmere abarca los límites  conocidos del universo de Sanderson -incluida una novela corta inédita de El Archivo de las Tormentas,Bailarina del Filo-, así como  ilustraciones, notas... y secretos... ','2021-04-15',0,784,'FICCION','FANTASIA',NULL,NULL),(276,'La Casa Infernal',65,'Minotauro recupera para su colección de clásicos una de las mejores novelas sobre casas encantadas del maestro del terror Richard Matheson. En 1940 una expedición de cinco personas se internó en la infame Casa Belasco para desentrañar los misterios de la que era considerada como la casa más peligrosa del mundo. Sólo uno de ellos consiguió salir con vida... ','2013-03-20',0,320,'FICCION','TERROR',NULL,NULL),(277,'Las Playas del Espacio',65,'Probablemente no es casual que sean trece las narraciones reunidas en este libro. Trece cuentos extraordinarios que exploran el borde resbaladizo de la locura y hasta la rebasan, convirtiéndola en una escalofriante pesadilla a través de sucesos fantásticos e inexplicables. Un mundo donde el horror inenarrable es lo normal y donde la tenebrosidad del espacio actúa en la mente de los hombres. Un tiempo en el que criaturas de poderes espantosos y extraterrestres pueden controlar a los seres humanos, y éstos crear seres que escapan a su control.','2020-01-01',0,320,'FICCION','CIENCIAFICCION',NULL,NULL),(278,'Otros Reinos',65,'Durante más de medio siglo, Richard Matheson ha cautivado y aterrorizado a los lectores con clásicos atemporales como Soy leyenda, El increíble hombre menguante, Duelo, En algún lugar del tiempo y Más allá de los sueños...','2015-07-24',0,328,'FICCION','FANTASIA',NULL,NULL),(279,'Soy Leyenda',65,'Robert Neville es el único superviviente de una guerra bacteriológica que ha asolado el planeta y convertido al resto de la humanidad en vampiros. Su vida se ha reducido a asesinar el máximo número posible de estos seres sanguinarios durante el día, y a soportar su asedio cada noche. Para ellos, el auténtico monstruo es este hombre que lucha por subsistir en un nuevo orden establecido...','2020-05-19',0,176,'FICCION','CIENCIAFICCION',NULL,NULL),(280,'La Última Musa',41,'Igua, la terrible enemiga de Éldonon, ha abandonado el mundo de la imaginación y ha cruzado a la Tierra. Carlos y sus amigos se preparan para el peor de sus ataques, pero ¿cómo doblegará Igua a la humanidad si no puede hacer uso de sus poderes al otro lado de los portales? La malvada mujer ha preparado un ejército de copias suyas dispuesto a destruir a cualquiera que entre en las Tierras Yermas. Carlos permanece ajeno a todas las noticias en el Ágora de la Musas, aprendiendo a inspirar a los humanos. Mientras Éldonon espera sus movimientos, Carlos se entrenará como nunca para hacerle frente a Igua, porque sabe que el momento en que sus caminos se crucen está cada vez más cerca.','2013-01-01',0,392,'FICCION','FANTASIA',NULL,NULL),(287,'Idyll',66,'Idyll es una microciudad residencial de auténtico ensueño, con casas con jardín perfectamente cuidado y repleta de vecinos sonrientes y felices, de la que se está haciendo una promoción a la que únicamente tienen acceso unos pocos afortunados de clase alta.','2014-06-20',0,432,'FICCION','TERROR',NULL,NULL),(288,'Tiempo Sucio',66,'En un futuro no tan lejano, tras una espantosa catástrofe que diezmó a la humanidad, la civilización ha sido reconstruida y nace una nueva edad de oro en la que el crimen es casi inexistente y la felicidad personal se ha convertido en un logro generalizado. Todo ello ha sido posible gracias a los companions, unos consejeros personales virtuales que acompañan a cada ser humano a lo largo de toda su vida. Bea apenas lleva tres años trabajando como agente de la ley cuando le es asignado un caso de asesinato múltiple. Es el primero en tres siglos y nadie sabe cómo afrontarlo. Bea deberá enfrentarse a sus miedos y fantasmas personales, y a revelaciones que harán sacudirse hasta los cimientos el nuevo mundo en el que vive, que puede no ser tan perfecto como aparenta...','2021-11-18',0,416,'FICCION','NEGRA',NULL,NULL),(289,'Entre los Sueños',66,'Sonia y Juan son dos físicos recien casados que acuden a las modernas  instalaciones de telescopios del Roque de los Muchachos, en la isla  canaria de La Palma, para realizar una importante investigación. Pronto Sonia se encontrará en una inquietante situación cuando su marido  empiece a hablar en sueños, con una voz completamente diferente a la  suya. Con el paso de los días, esa personalidad, que se hace llamar  Robert, va apoderándose de Juan, y Sonia empieza a sentirse atraída por el... ','2018-10-18',0,432,'FICCION','NEGRA',NULL,NULL),(290,'Berlinale',66,'Una satírica ficción noir que se desarrolla en el festival de Berlín, protagonizada por un personaje extraordinario: mitad detective privado, mitad agente del CNI. Espionaje, crímenes y Secretos de Estado en un marco apenas conocido, el de un festival de cine, del que se ofrece una perspectiva tan rica como inédita. Novela negra, crueldad y comentario social se dan la mano en una obra impactante, sarcástica y poderosa que no deja títere con cabeza, dotada además de un protagonista inolvidable.','2021-11-15',0,191,'FICCION','NEGRA',NULL,NULL),(291,'Chiaroscuro',66,'Algo de lo que los habitantes de Roma hablan en voz baja. El lugar más sagrado para la Iglesia Católica ha sido invadido por visiones, pesadillas vívidas, apariciones blasfemas, y extraños fenómenos que cada vez son más intensos. Además, una extraña tormenta perpetua que ningún meteorólogo del mundo logra explicar se ha extendido sobre el lugar, condenándolo a una penumbra eterna.  En una iglesia en crisis, con un Papa que para colmo parece estar enloqueciendo por causas desconocidas, Amadeo Loquasto, el camarlengo papal, brazo derecho del Santo Padre, une esfuerzos con Livio Contrito, médico oficial del papado, para buscar una solución a algo que no entienden ni pueden controlar, pero que empeora a cada día que pasa. Tanto, que varios obispos residentes en el lugar han comenzado a suicidarse en cadena.','2023-04-20',0,360,'FICCION','TERROR',NULL,NULL),(292,'La llamada de Cthulhu',66,'Fascinado desde siempre por esta obra repleta de criaturas que se ocultan en los rincones más oscuros y de Antiguos titánicos cuya mera visión basta para precipitar a cualquiera a la locura, François Baranger, ilustrador reconocido en el mundo por su talento para la ilustración de concepto para el cine y los videojuegos, se ha puesto manos a la obra «ciclópea» de expresar en imágenes los relatos principales de H.P. Lovecraft...','2019-04-02',0,64,'FICCION','TERROR',NULL,NULL),(293,'Deberias haberte ido',66,'Un guionista en plena crisis creativa y conyugal acaba de llegar—acompañado de su mujer y de su hija—a una flamante casa de montaña. Es diciembre. El frío blancoazulado de los glaciares, los bosques ocultos por una espesa bruma, el fluir de un río y un profundo y silencioso valle prometen, al fin, un nuevo comienzo. Una nueva oportunidad para finalizar un guion que se le resiste y para intentar reconciliarse con su mujer...','2023-03-16',0,136,'FICCION','TERROR',NULL,NULL),(294,'Figuras oscuras',67,'Recién salida de rehabilitación por su pasada adicción a las drogas, Mallory Quinn acepta un trabajo como niñera para Ted y Caroline Maxwell.  A Mallory de inmediato le encanta su trabajo, le da justo la estabilidad que buscaba. Y adora a Teddy, un niño tímido que va a todas partes con su cuaderno de bocetos y su lápiz. Sus dibujos muestran cosas normales: árboles, conejos, globos... Bueno, y a veces también a una mujer de aspecto extraño, su amiga imaginaria.  Pero un día en el cuaderno aparece algo diferente: un hombre que va arrastrando un cuerpo en medio de un bosque.  Poco a poco, los dibujos de Teddy se vuelven cada vez más siniestros y sus figuras de palo se convierten en ilustraciones realistas, cuya destreza supera la de cualquier niño de cinco años. Es entonces cuando Mallory empieza a preguntarse no solo por el contenido de las ilustraciones, sino también por el autor. Porque ¿y si realmente no es Teddy quien las está haciendo? ¿Y si se trata de... alguien más?  Con este thriller sobrenatural, Jason Rekulak da una ingeniosa vuelta de tuerca a la clásica historia de terror con una casa llena de secretos escalofriantes y tal vez una narradora no muy fiable. ¿O sí?','2022-10-17',0,432,'FICCION','TERROR',NULL,NULL),(295,'Vendimos nuestras almas',68,'Todas las mañanas, Kris Pulaski se despierta en medio de un infierno. En los 90, era la guitarrista solista de Dürt Würk, un grupo de heavy metal que rozó el éxito con los dedos hasta que el cantante principal, Terry Hunt, emprendió una carrera en solitario que lo lanzó al estrellato y dejó que sus compañeros se pudrieran en la irrelevancia.','2023-06-14',0,320,'FICCION','TERROR',NULL,NULL),(296,'Guia del Club de Lectura para Matar Vampiros',68,'Patricia Campbell siente que su existencia es insignificante. Su marido es un adicto al trabajo, sus hijos tienen su propia vida, su suegra necesita cuidados constantes, y siente que siempre va un paso por detrás de su lista de cosas por hacer. Lo único que la mantiene viva es su club de lectura, un pequeño grupo de mujeres de Charleston unidas por su amor a las novelas de crímenes reales...','2023-04-12',0,480,'FICCION','TERROR',NULL,NULL),(297,'El exorxismo de mi mejor amiga',68,'Dos jóvenes estudiantes de Secundaria, llamadas Abby y Gretchen, se tienen la una a la otra como mejores amigas desde los tiempos de la infancia. Pero en una noche de juerga en la que se bañan desnudas todo les sale espantosamente mal y Gretchen, a partir de entonces... cambia. Está siempre de mal humor. Irritable. Y empiezan a sucederse extraños incidentes en los que, invariablemente, Gretchen está implicada. Abby empieza a investigar y se adentra en un misterio sobrecogedor...','2022-06-29',0,352,'FICCION','TERROR',NULL,NULL),(298,'Horrorstor',68,'Ohio. Cada mañana, los empleados se encuentran destrozados los armarios Kjerring, tiradas por el suelo las lámparas Brooka, y extrañas manchas en los sofás Liripip. Para desvelar este misterio, cinco jóvenes empleados se ofrecen como voluntarios para un largo turno de noche, en el que afrontarán horrores que desafían la imaginación. Una tradicional historia de casas encantadas en un entorno contemporáneo (y repleto de horrores propios de nuestra época).Horrorstor es una novela que viene convenientemente presentada en forma de catálogo completo, con ilustraciones para montar los muebles y otros accesorios más siniestros. ¡Te prometemos que no has visto nada igual!','2022-02-14',0,244,'FICCION','TERROR',NULL,NULL),(299,'Grupo de Apoyo para Final Girls',68,'Lynnette Tarkington es una Final Girl, una de esas que sobrevivió a una masacre. Durante más de una década, ha estado reuniéndose con otras cinco Final Girls y con su terapeuta en un grupo de apoyo secreto para mujeres que han sobrevivido a situaciones increíbles, trabajando todas ellas para recuperar su vida...','2022-08-31',0,384,'FICCION','TERROR',NULL,NULL),(300,'Princesa de Mármol y Cristal',69,'Tras una noche de borrachera es testigo de la muerte de Arturo Coelho, socio del empresario Markus Pastrana, investigado por tráfico de armas, malversación de fondos y la desaparición de varias mujeres jóvenes. Todo aquello lo recuerda como un sueño, retazos en su cerebro sin orden alguno hasta que una semana después recibe una carta. Salomé, la joven que acabó con la vida de aquel hombre, le recuerda en sus letras cada minuto de aquella noche atroz y le pide un favor; su ayuda. Esa misma noche Salome aparece en casa de Samuel. Necesita contarle su historia, confesar las razones que le llevan a toda esa locura.','2019-06-25',0,224,'FICCION','LITERARIA',NULL,NULL),(301,'El que susurra',69,'Un escritor alquila una cabaña en un pequeño pueblo maderero del interior de Estados Unidos llamado Point Spirit. En los días siguientes tienen lugar cuatro muertes\'algo insólito en un lugar tranquilo donde «nunca pasa nada\' y el sheriff local sufre un extraño ataque por algo en forma de marioneta.Tres hermanas, vecinas del pueblo, han visto aparecer una figura masculina vestida de negro en su casa, y se unen al novelista, el reverendo y el médico del pueblo, para investigar una cadena de sucesos, cuya clave puede estar en algo que ocurrió en el aserradero en el año 1923... ','2018-06-21',0,512,'FICCION','NEGRA',NULL,NULL),(302,'Lo que habita dentro',69,'Octubre de 1987, San Petri (Costa de la Muerte). En la noche de  brujas un grupo de niños entra en la antigua casa Camelle, un  lugar  abandonado del que se cuentan terribles leyendas. Pero la casa guarda un  oscuro secreto y un pozo del que pende una bombilla  que no debería haber funcionado...','2017-01-01',0,552,'FICCION','TERROR',NULL,NULL),(303,'De Rodillas',69,'Dominic Romano es un abogado prestigioso, poderoso y seguro de sí mismo. Aunque posee todo lo que quiere, jamás ha podido olvidar a Samara, la joven que se reía de él en el colegio. Ella es la razón de su vivir, la ama con la misma intensidad que la odia, por lo que no duda en hacerle pagar todo el daño que le causó tiempo atrás.','2014-07-04',0,400,'FICCION','EROTICA',41,NULL),(304,'La Iniciacion',69,'Junto a Dominic, Samara ha conocido una vida que nada tiene que ver con la real y a una familia que se rige por sus propias normas, por sus parafilias y por una sexualidad atrevida y poco compasiva...','2014-09-02',0,448,'FICCION','EROTICA',41,NULL),(305,'Sin Compasión',69,'Años atrás Quimera había sido un orfanato en el que los niños vivían verdaderos tormentos. Con el paso del tiempo, ya convertidos en hombres, esos niños crearon sus propios imperios, y se juraron que los suyos jamás sufrirían los dolorosos experimentos a los que ellos fueron sometidos.Reunidos en diferentes familias y clanes, no dudan en ayudarse, tanto laboral como personalmente. La vida de Samara avanza junto a su amado; todo parece maravilloso y, en determinados momentos, incluso roza la normalidad. Pero en realidad no es así. Dominic ha infringido las normas de la casa para evitar que ella sea una esclava más, y eso desencadena un complot que hará que los implacables, amorales y vengativos miembros del clan Malbaseda reaparezcan en sus vidas.Alguien está tejiendo una tela de araña tan espesa y consistente que la oscuridad que Dominic creía haber alejado de su alma renace de nuevo.En esta nueva entrega, el suspense, el dolor y el amor vuelven con más fuerza que nunca. De nuevo, nada es lo que parece. ¡Bienvenidos una vez más al palacio del delirio! ¡Bienvenidos a Quimera!','2014-11-06',0,400,'FICCION','EROTICA',41,NULL),(306,'Los Crímenes de Hamlet',69,'Una escalofriante novela de terror con tintes sobrenaturales que te atrapará hasta el final. Con setenta años cumplidos, Hamlet, el famoso asesino en serie, pasa los días sumido en el oscuro sueño de volver a pintar las turbadoras escenas que quitan el sueño a la policía...','2023-02-23',0,408,'FICCION','TERROR',NULL,NULL),(307,'Frankestein',70,'Aquel «verano húmedo y desapacible» de 1816 «me entretuve pensando una historia que consiguiera que el lector tuviera pavor a mirar a su alrededor, que le helara la sangre y que acelerara los latidos de su corazón», Mary Shelley en la introducción a la edición de 1831 sobre cómo se forjó Frankenstein.','2015-10-06',0,304,'FICCION','TERROR',NULL,NULL),(308,'Frankestein o el Moderno Prometeo',70,'En el verano de 1816, el poeta Percy B. Shelley y su esposa Mary se  reunieron con Lord Byron y su médico en una villa a orillas del lago  Leman. A instancias de Lord Byron y para animar una velada tormentosa,  decidieron que cada uno inventaría una historia de fantasmas. La más  callada y reservada, Mary Shelley, dio vida así a quien sería su personaje más famoso: el doctor Frankenstein. Al cabo de un año  completaría la novela...','2015-07-02',0,336,'FICCION','TERROR',NULL,NULL),(309,'El último hombre',70,'El último hombre da título a la novela utópica publicada por Mary Shelley en 1826, en la que retrata una sociedad futura que ha sido arrasada por una terrible plaga.  El relato se ha interpretado como el lamento de la autora por la pérdida de sus seres queridos, así como el profundo cuestionamiento de los ideales revolucionarios y románticos de la autora. Al contrario de lo que sucedió con su \"Frankestein\", tuvo que esperar a la segunda mitad del siglo xx para recibir el reconocimiento literario que merecía.','2020-06-15',0,576,'FICCION','CIENCIAFICCION',NULL,NULL),(310,'El club de los Portaferetros',71,'En la década de 1980, Art Barbara no era lo que se dice popular. Era un estudiante solitario que escuchaba hair metal, tenía que dormir con un monstruoso aparato ortopédico por su escoliosis y había iniciado un club extraescolar de voluntarios en funerales poco concurridos. Por eso fue una sorpresa cuando una chica se apuntó al Club de los Portaféretros y le dijo que era una idea genial. ¡Si hasta se llevó su Polaroid para hacer fotos de los cadáveres!  Vale, esa parte sí había sido un poco rara.  Como también lo era su obsesivo interés por una famosa tradición de Nueva Inglaterra que implicaba desenterrar a los muertos. Y había otras cosas extrañas que sucedían siempre que ella estaba cerca, algunas bastante inquietantes... Pero eran amigos, así que no pasaba nada, ¿verdad?  Décadas más tarde, Art intenta darle sentido a sus recuerdos escribiendo El Club de los Portaféretros. Sin embargo, lo que parecía la forma ideal de reconciliarse con su pasado tendrá consecuencias insospechadas cuando su vieja amiga lea el manuscrito.  Difuminando a la perfección las líneas entre la ficción y los recuerdos, lo sobrenatural y lo mundano, la nueva novela del autor de Una cabeza llena de fantasmas y La cabaña del fin del mundo pinta el escalofriante retrato de una amistad tan inolvidable como perturbadora.','2023-02-06',0,392,'FICCION','TERROR',NULL,NULL),(311,'Desaparición en la roca del Diablo',71,'En una noche de verano, Elizabeth Sanderson recibe una devastadora noticia: su hijo adolescente, Tommy, ha desaparecido en la espesura de un parque local, cerca del sitio popularmente conocido como la Roca del Diablo...','2018-06-18',0,430,'FICCION','TERROR',NULL,NULL),(312,'La cabaña del Fin del Mundo',71,'Cuando la pequeña Wen y sus padres se van de vacaciones a una cabaña junto a un lago recóndito, no esperan recibir visitas. Por eso resulta tan sorprendente la aparición del primer desconocido. Leonard es el hombre más corpulento que Wen ha visto jamás, pero también es tan amable que se gana su simpatía enseguida, por mucho que a la niña siempre le hayan prohibido hablar con extraños. Leonard y Wen hablan y ríen y juegan, y el tiempo pasa volando. Hasta que él dice unas misteriosas palabras: «Nada de lo que va a pasar es culpa tuya. Tú no has hecho nada malo, pero los tres vais a tener que tomar unas cuantas decisiones difíciles. Espantosas, me temo. Tus padres no querrán dejarnos entrar, Wen. Pero tendrán que hacerlo». La cabaña del fin del mundo es la nueva novela del autor de Una cabeza llena de fantasmas, una historia cargada de tensión y con un ritmo frenético sobre la supervivencia y, quizás, el fin del mundo. La productora FilmNation ha comprado sus derechos cinematográficos.','2021-01-11',0,328,'FICCION','TERROR',NULL,NULL),(313,'Mundial 2022',72,'¡Vuelven las aventuras de Mortadelo y Filemón en los mundiales de fútbol!','2022-11-03',0,48,'COMIC','HUMOR',42,NULL),(314,'La vuelta al mundo',72,'¡Mortadelo y Filemón dan la vuelta al mundo!','2022-04-13',0,48,'COMIC','HUMOR',42,NULL),(315,'El cambio climático',72,'¡Mortadelo y Filemón en contra del cambio climático!','2021-10-14',0,48,'COMIC','HUMOR',42,NULL),(316,'Misión por España',72,'¡LA NUEVA MISIÓN DE MORTADELO Y FILEMÓN LES LLEVARÁ POR TODA ESPAÑA!','2021-04-08',0,48,'COMIC','HUMOR',42,NULL),(317,'Lo mejor de Zipi y Zape 1',73,'En este caso, presentamos Lo mejor de... Zipi y Zape.','2019-11-14',0,192,'COMIC','HUMOR',43,NULL),(318,'Lo mejor de Zipi y Zape 2',73,'¡NUEVA ANTOLOGÍA DEDICADA A LOS HERMANOS ZIPI Y ZAPE DE JOSEP ESCOBAR!','2021-05-06',0,144,'COMIC','HUMOR',43,NULL),(319,'Detectives en acción',73,'¡Zipi y Zape, los gemelos más famosos y traviesos de nuestra historieta, se hacen detectives!','2019-07-04',0,48,'COMIC','HUMOR',43,NULL),(320,'Sigue adelante 1',74,'¡una obra enternecedora que nos recuerda la importancia de la amistad y del amor!','2023-01-12',0,208,'COMIC','ROMANTICA',44,NULL),(321,'Sigue adelante 2',74,'No te pierdas la segunda entrega de Sigue adelante en la que Ôda, tras robarle una de sus ideas a Kuko, descubrirá uno de sus secretos más ocultos...\'','2023-03-02',0,192,'COMIC','ROMANTICA',44,NULL),(322,'Sigue adelante 3',74,'Kuko se enfrenta a las dudas constantes sobre sí misma en el tercer tomo del shôjo Sigue adelante.','2023-05-04',0,220,'COMIC','ROMANTICA',44,NULL),(323,'Voyeur 1',75,'El cómic erótico tiene una deuda indiscutible con el maestro de la historieta Horacio Altuna, quien ha sabido captar como nadie la feminidad y elegancia de la mujer. Este es el primer tomo de una colección única que recopila todas las historietas, ilustraciones y bocetos que se publicaron en su día en Playboy, revista de referencia desde hace más de 60 años.','2016-06-20',0,120,'COMIC','EROTICA',45,NULL),(324,'Voyeur 2',75,'Deleítate, recréate y goza con una nueva selección de historietas del maestro Horacio Altuna. Con el mismo cuidado y mimo que en el primer tomo, aquí os traemos una nueva recopilación que ha sido digitalizada y rotulada de nuevo con todo el cariño y esmero que se merece tanto la obra como nuestros lectores.','2017-05-15',0,120,'COMIC','EROTICA',45,NULL),(325,'Voyeur 3',75,'Voyeur 3 es una muestra de que no nos cansamos de disfrutar de las historietas del gran Horacio Altuna','2018-07-16',0,120,'COMIC','EROTICA',45,NULL),(326,'Historia de la humanidad en viñetas',76,'El Imperio Romano ha sido tal vez el más influyente en la historia de la humanidad así como hoy la entendemos. Los vestigios de su cultura, de sus adelantos en materia política, arquitectónica y urbanística en general ha condicionado la sociedad en la que hoy vivimos. Un modelo que apenas podría entenderse sin mirar no solo hacia su esplendor pretérito sino también hacia su decadencia','2022-11-26',0,64,'COMIC','HISTORICA',NULL,NULL),(327,'La sombra del pájaro',77,'Tras una batalla que casi acaba con ello, Bea y Cad despiertan en la aldea oculta de los arsai, unas criaturas misteriosas capaces de vislumbrar el futuro.','2023-02-01',0,256,'COMIC','FANTASIA',46,NULL),(328,'La última llama',77,'En los bosques del planeta Irpa se alza la tienda de pociones y elixires, hogar del Cerdo Mago y de Bea, su nieta adoptiva. Como guardianes de la Llama Eterna, llevan una vida tranquila y elaborando medicinas y pociones para los habitantes de un mundo que hace mucho tiempo fue próspero. Todo cambia el día en que Bea conoce a Cad, un miembro de los galdurianos, una antigua raza que se creía extinta. Cad está convencido de que el Cerdo Mago podrá ayudarlo a encontrar a su pueblo desaparecido','2022-04-06',0,256,'COMIC','FANTASIA',46,NULL),(329,'Latidos que no dije',78,'Son tantos sentimientos encontrados, que ni siquiera yo podria decir','2022-09-30',0,157,'POESIA','ROMANTICA',NULL,NULL),(330,'El (des)amor que jamás viví',79,'¿Alguna vez has sentido que te rompían el corazón?','2022-12-01',0,127,'POESIA','ROMANTICA',NULL,NULL),(331,'Con miedo a todo: Delirios de una ansios',80,'Este libro va de esos momentos en los que el nudo de la garganta aprieta demasiado, de cuando crees que la oscuridad en ti es tan profunda que jamás podrás ver la luz y también de las veces que te caes y te vuelves a levantar. Porque cada día es un nuevo comienzo y por muy mala que haya sido la noche puedes sacudirte, respirar y volver a intentarlo.','2022-10-08',0,80,'POESIA','TEMASOCIAL',NULL,NULL),(332,'La soledad de un cuerpo acostumbrado a l',81,'A la vez clásica y contemporánea, romántica y analítica, suave y rebelde, diáfana y misteriosa, Elvira Sastre (Segovia, 1992) es la poeta que desde hace mucho tiempo estaba pidiendo a gritos la literatura española.','2016-12-01',0,72,'POESIA','TEMASOCIAL',NULL,NULL),(333,'Antología poética',82,'Lectura de bachillerato para la PAU 2020-2022 en la Comunidad Valenciana','2019-10-15',0,432,'POESIA','TEMASOCIAL',NULL,NULL);
/*!40000 ALTER TABLE `libros` ENABLE KEYS */;
UNLOCK TABLES;

--
-- Table structure for table `saga`
--

DROP TABLE IF EXISTS `saga`;
/*!40101 SET @saved_cs_client     = @@character_set_client */;
/*!50503 SET character_set_client = utf8mb4 */;
CREATE TABLE `saga` (
  `id` int unsigned NOT NULL AUTO_INCREMENT,
  `nombre` varchar(40) NOT NULL,
  PRIMARY KEY (`id`)
) ENGINE=InnoDB AUTO_INCREMENT=47 DEFAULT CHARSET=utf8mb4 COLLATE=utf8mb4_0900_ai_ci;
/*!40101 SET character_set_client = @saved_cs_client */;

--
-- Dumping data for table `saga`
--

LOCK TABLES `saga` WRITE;
/*!40000 ALTER TABLE `saga` DISABLE KEYS */;
INSERT INTO `saga` VALUES (1,'Grishaverse'),(2,'La prisionera del oro'),(3,'Cronica del Asesino de Reyes'),(4,'Seis de Cuervos'),(5,'El Rey Marcado'),(6,'El Señor de los Anillos'),(7,'Jornadas de Sangre'),(8,'Los Juegos del Hambre'),(9,'Trilogía Fuego'),(10,'Las crónicas de la bruja negra'),(11,'Crónicas del Parásito'),(12,'Los Elementos Oscuros'),(13,'Desterrados'),(14,'Crónicas de los Cerrajeros'),(15,'Trilogía de la Niebla'),(16,'Una Herencia en Juego'),(17,'Grimrose Girls'),(18,'Guardianes de la Ciudadela'),(19,'Cronicas de la Torre'),(20,'Memorias de Idhún'),(21,'Ciudad de Vampiros'),(22,'¿Quién Mató a Alex?'),(23,'Crónicas de Cassidy Blake'),(24,'Trilogía Sombras de Magia'),(25,'Los monstruos de Verity'),(26,'El Joven Sherlock Holmes'),(27,'Nunca seré tu Héroe'),(28,'Los portales de Eldonon'),(29,'Las Lágrimas de Shiva'),(30,'Bad Ash'),(31,'Como Llamarte Amor'),(32,'Todas las canciones'),(33,'Meses a tu lado'),(34,'Hermanos Hidalgo'),(35,'Dunas'),(36,'Kraken'),(37,'La Chica de Nieve'),(38,'Cordura'),(39,'Los Tres Cuerpos'),(40,'Nacidos de la Bruma'),(41,'Venganza'),(42,'Mortadelo y Filemón'),(43,'Zipi y Zape'),(44,'Sigue adelante'),(45,'Voyeur'),(46,'Lightfall');
/*!40000 ALTER TABLE `saga` ENABLE KEYS */;
UNLOCK TABLES;

--
-- Table structure for table `usuario`
--

DROP TABLE IF EXISTS `usuario`;
/*!40101 SET @saved_cs_client     = @@character_set_client */;
/*!50503 SET character_set_client = utf8mb4 */;
CREATE TABLE `usuario` (
  `id` int unsigned NOT NULL AUTO_INCREMENT,
  `nombre` varchar(30) NOT NULL,
  `apellido1` varchar(30) NOT NULL,
  `apellido2` varchar(30) DEFAULT NULL,
  `correo` varchar(30) NOT NULL,
  `tipo_usuario` enum('ADMINISTRADOR','NORMAL') NOT NULL,
  `password` varchar(20) NOT NULL,
  PRIMARY KEY (`id`)
) ENGINE=InnoDB AUTO_INCREMENT=3 DEFAULT CHARSET=utf8mb4 COLLATE=utf8mb4_0900_ai_ci;
/*!40101 SET character_set_client = @saved_cs_client */;

--
-- Dumping data for table `usuario`
--

LOCK TABLES `usuario` WRITE;
/*!40000 ALTER TABLE `usuario` DISABLE KEYS */;
INSERT INTO `usuario` VALUES (1,'Administrador','Administrador',NULL,'booknbook2023@gmail.com','ADMINISTRADOR','1234'),(2,'MARIA','ESCRIBANO','VERDE','merverde97@gmail.com','NORMAL','1234');
/*!40000 ALTER TABLE `usuario` ENABLE KEYS */;
UNLOCK TABLES;
/*!40103 SET TIME_ZONE=@OLD_TIME_ZONE */;

/*!40101 SET SQL_MODE=@OLD_SQL_MODE */;
/*!40014 SET FOREIGN_KEY_CHECKS=@OLD_FOREIGN_KEY_CHECKS */;
/*!40014 SET UNIQUE_CHECKS=@OLD_UNIQUE_CHECKS */;
/*!40101 SET CHARACTER_SET_CLIENT=@OLD_CHARACTER_SET_CLIENT */;
/*!40101 SET CHARACTER_SET_RESULTS=@OLD_CHARACTER_SET_RESULTS */;
/*!40101 SET COLLATION_CONNECTION=@OLD_COLLATION_CONNECTION */;
/*!40111 SET SQL_NOTES=@OLD_SQL_NOTES */;

-- Dump completed on 2023-06-07 17:46:10
